Sample,Region,Age,SiO2,TiO2,Al2O3,Fe2O3,FeO,MnO,MgO,CaO,Na2O,K2O,P2O5,L.O.I,Total,P,K,Sc,Ti,V,Cr,Mn,Co,Ni,Cu,Zn,Ga,Ge,Rb,Sr,Y,Zr,Nb,Cs,Ba,La,Ce,Pr,Nd,Sm,Eu,Gd,Tb,Dy,Ho,Er,Tm,Yb,Lu,Hf,Ta,Pb,Th,U,Age (Ma),87Rb/86Sr,87Sr/86Sr,2s,(87Sr/86Sr)i,147Sm/144Nd,143Nd/144Nd,2s,TDM(Ga),εNd(t),,,mAl2O3,mCaO,mNa2O,mK2O,mFeO,TFeO,mMgO,Mg#,Na2O/K2O,0.111111111,0.056847545,0.884353741,Ce/Pb,Nb/Ta,nLa,nCe,nPr,nNd,nSm,nEu,nGd,nTb,nDy,nHo,nEr,nTm,nYb,nLu
EGN-20,West,Late J,56.12,1.28,17.5,5.8,1.27,0.12,2.27,6.22,4.02,2.18,0.62,2.26,99.66,,,10.61,,133.2,,,20.47,28.42,,,,,51.81,1019,17.96,307.7,10.68,,964.4,57.03,131.8,15.35,54.06,9.66,2.55,8.09,0.89,4.2,0.7,1.81,0.24,1.52,0.21,7.77,0.63,,5.32,1.19,126.1,0.1475,0.705445,±14,0.70515,0.1081,0.51258,± 9,,0.45,,,0.171568627,0.111071429,0.06483871,0.023191489,0.090122778,6.48884,0.05675,38.63888248,1.844036697,0.1125,0.124113475,1.193430657,#DIV/0!,16.95238095,240.633 ,215.359 ,161.579 ,115.760 ,63.137 ,43.966 ,39.367 ,23.797 ,16.535 ,12.367 ,10.937 ,9.412 ,8.941 ,8.268 
EGN-24,West,Late J,56.68,1.23,17.91,6.04,1.32,0.1,1.77,4.46,5.32,2.45,0.58,2.32,100.18,,,10.5,,123.4,,,16.01,24.85,,,,,48.26,1379,16.84,339.5,10.49,,1635,58.68,132.9,15.58,54.25,9.93,2.6,8.06,0.88,3.77,0.68,1.73,0.24,1.49,0.19,8.65,0.66,,6.09,1.25,126.1,,,,,,,,,,,,0.175588235,0.079642857,0.085806452,0.02606383,0.093816556,6.754792,0.04425,32.04976022,2.171428571,0.143364929,0.156084656,1.380228137,#DIV/0!,15.89393939,247.595 ,217.157 ,164.000 ,116.167 ,64.902 ,44.828 ,39.221 ,23.529 ,14.843 ,12.014 ,10.453 ,9.412 ,8.765 ,7.480 
EGN-34,West,Late J,57.6,1.11,17.31,4.01,1.76,0.11,1.68,4.87,5.22,1.32,0.48,4.7,100.17,,,10.24,,116.1,,,19.66,34.59,,,,,47.31,770,15.96,246.2,7.85,,790.6,44.2,91.2,12.34,43.61,8.25,2.48,7.24,0.78,3.54,0.62,1.54,0.21,1.31,0.18,6.46,0.51,,5.76,1.39,126.1,0.1782,0.70524,±13,0.70502,0.1144,0.512609,±10,,0.91,,,0.169705882,0.086964286,0.084193548,0.014042553,0.074558306,5.368198,0.042,36.03346823,3.954545455,0.483300589,0.695121951,1.390334572,#DIV/0!,15.39215686,186.498 ,149.020 ,129.895 ,93.383 ,53.922 ,42.759 ,35.231 ,20.856 ,13.937 ,10.954 ,9.305 ,8.235 ,7.706 ,7.087 
HLR-11,West,Late J,56.82,1.03,17.63,3.43,2.82,0.08,3.81,6.09,3.69,1.84,0.38,2.86,100.48,,,9.01,,122.4,,,18.66,34.88,,,,,45.59,1095,15.59,203.3,5.99,,911.8,30.76,72.58,8.82,31.76,6.55,1.97,5.77,0.66,3.27,0.59,1.55,0.23,1.44,0.2,5.73,0.44,,4.82,1.39,129.5,0.1207,0.70524,± 13,0.70502,0.1252,0.512621,± 6,,0.85,,,0.172843137,0.10875,0.059516129,0.019574468,0.082032139,5.906314,0.09525,53.72791675,2.005434783,0.564705882,0.74392936,1.581395349,#DIV/0!,13.61363636,129.789 ,118.595 ,92.842 ,68.009 ,42.810 ,33.966 ,28.078 ,17.647 ,12.874 ,10.424 ,9.366 ,9.020 ,8.471 ,7.874 
HLR-13,West,Late J,55.74,1.07,17.97,3.65,3.06,0.11,2.5,6.83,4.19,1.91,0.4,2.64,100.07,,,9.46,,127.2,,,22.08,40.35,,,,,40.08,1060,14.88,192,5.61,,806.5,29.38,69.75,8.68,32.9,6.55,1.9,5.64,0.68,3.23,0.6,1.53,0.21,1.42,0.2,5.65,0.41,,4.55,1.33,129.5,0.1079,0.705222,± 14,0.70502,0.1209,0.512602,± 8,,0.55,,,0.176176471,0.121964286,0.067580645,0.020319149,0.088114861,6.34427,0.0625,41.49656916,2.193717277,0.587755102,0.756152125,1.664,#DIV/0!,13.68292683,123.966 ,113.971 ,91.368 ,70.450 ,42.810 ,32.759 ,27.445 ,18.182 ,12.717 ,10.601 ,9.245 ,8.235 ,8.353 ,7.874 
P10TC12,West,Mid J,56.06,1.15,17.95,5.09,2.38,0.06,2.74,5.62,4.76,2.3,0.45,1.16,99.72,,,,,,,,,,,,,,57,1450,14.5,220,11,,1140,47.7,91.4,9.65,44.7,6.09,1.85,4.72,0.76,4.11,0.69,1.84,0.23,1.29,0.17,4.4,0.99,,7.9,,134–152,,,,,,,,,,,,0.175980392,0.100357143,0.076774194,0.024468085,0.096666417,6.959982,0.0685,41.47332211,2.069565217,0.614107884,0.779545455,1.830601093,#DIV/0!,11.11111111,201.266 ,149.346 ,101.579 ,95.717 ,39.804 ,31.897 ,22.968 ,20.321 ,16.181 ,12.191 ,11.118 ,9.020 ,7.588 ,6.693 
P4LT130,West,Mid J,57.5,0.7,17.91,3.34,5.12,0.04,1.51,4.5,4.5,2.65,0.35,2.22,100.34,,,,,,,,,,,,,,64,910,12.4,180,8.3,,1020,40.2,76.4,7.41,35,5,1.49,3.85,0.49,2.19,0.61,1.36,0.2,1.25,0.17,3.8,1.3,,6.7,,134–152,,,,,,,,,,,,0.175588235,0.080357143,0.072580645,0.028191489,0.112851833,8.125332,0.03775,25.06609592,1.698113208,0.677865613,1.012077295,1.837438424,#DIV/0!,6.384615385,169.620 ,124.837 ,78.000 ,74.946 ,32.680 ,25.690 ,18.735 ,13.102 ,8.622 ,10.777 ,8.218 ,7.843 ,7.353 ,6.693 
P4TC46,West,Mid J,56,0.9,18.35,3.82,3.14,0.09,1.46,6.3,4.69,2.5,0.35,2.58,100.18,,,,,,,,,,,,,,62,1120,11.9,170,8.5,,1150,38.2,65.6,6.88,33.5,4.56,1.44,3.9,0.56,3.15,0.61,1.37,0.2,1.33,0.14,3.9,0.86,,6.4,,134–152,,,,,,,,,,,,0.179901961,0.1125,0.075645161,0.026595745,0.0913505,6.577236,0.0365,28.5489693,1.876,0.715498938,1.122194514,1.850828729,#DIV/0!,9.88372093,161.181 ,107.190 ,72.421 ,71.734 ,29.804 ,24.828 ,18.978 ,14.973 ,12.402 ,10.777 ,8.278 ,7.843 ,7.824 ,5.512 
0075-1,West,Late J,65.58,0.67,15.4,2.15,2.05,0.05,1.55,2.98,4.56,4.05,0.18,0.5,99.72,,,,,,,,,8.616,,,9.97,,75.83,347.9,7.03,158.7,5.06,,365.6,17.6,36.56,4.43,15.32,2.499,0.511,1.66,0.243,1.219,0.217,0.616,0.09,0.6,0.093,4.094,0.348,,9.376,1.332,133,,,,,,,,,,,,0.150980392,0.053214286,0.073548387,0.043085106,0.05534125,3.98457,0.03875,41.18342566,1.125925926,0.72983871,1.726907631,1.856410256,#DIV/0!,14.54022989,74.262 ,59.739 ,46.632 ,32.805 ,16.333 ,8.810 ,8.078 ,6.497 ,4.799 ,3.834 ,3.722 ,3.529 ,3.529 ,3.661 
0075-3,West,Late J,64.62,0.74,15.11,2.38,2.45,0.07,1.86,3.42,4.18,3.97,0.21,0.71,99.72,,,,,,,,,9.498,,,10.13,,73.42,373.8,8.185,138.6,5.701,,386.1,19.32,40.14,4.973,17.37,2.863,0.536,1.897,0.281,1.441,0.258,0.701,0.106,0.674,0.1,3.687,0.429,,10.16,2.227,133,,,,,,,,,,,,0.148137255,0.061071429,0.067419355,0.042234043,0.063771167,4.591524,0.0465,42.16877485,1.052896725,0.743589744,1.838235294,1.876404494,#DIV/0!,13.28904429,81.519 ,65.588 ,52.347 ,37.195 ,18.712 ,9.241 ,9.231 ,7.513 ,5.673 ,4.558 ,4.236 ,4.157 ,3.965 ,3.937 
0075-5,West,Late J,65.01,0.71,14.88,2.34,2.32,0.06,1.92,2.91,4.57,4,0.2,0.84,99.76,,,,,,,,,11.22,,,9.915,,76.87,330.3,8.046,183,5.774,,374.1,19.28,40.15,4.979,17.23,2.804,0.506,1.887,0.278,1.405,0.251,0.694,0.103,0.661,0.102,4.744,0.428,,10.77,1.547,133,,,,,,,,,,,,0.145882353,0.051964286,0.073709677,0.042553191,0.061465722,4.425532,0.048,43.849343,1.1425,0.83677686,1.924603175,1.886877828,#DIV/0!,13.49065421,81.350 ,65.605 ,52.411 ,36.895 ,18.327 ,8.724 ,9.182 ,7.433 ,5.531 ,4.435 ,4.193 ,4.039 ,3.888 ,4.016 
0075-7,West,Late J,64.98,0.72,14.87,2.26,2.47,0.06,1.93,3.3,4.28,4.01,0.2,0.67,99.75,,,,,,,,,10.95,,,10,,77.82,344.1,7.917,188.2,5.419,,347.6,18.1,37.97,4.699,16.47,2.753,0.519,1.792,0.277,1.399,0.251,0.638,0.101,0.661,0.099,4.903,0.412,,10.72,1.545,133,,,,,,,,,,,,0.145784314,0.058928571,0.069032258,0.042659574,0.062549278,4.503548,0.04825,43.54721526,1.067331671,0.87704918,3.443609023,1.889447236,#DIV/0!,13.15291262,76.371 ,62.042 ,49.463 ,35.268 ,17.993 ,8.948 ,8.720 ,7.406 ,5.508 ,4.435 ,3.855 ,3.961 ,3.888 ,3.898 
0075-9,West,Late J,65.32,0.72,14.96,2.13,2.47,0.06,2.03,3.23,4.03,4,0.22,0.56,99.73,,,,,,,,,11.54,,,9.931,,76.89,337.3,7.792,134.1,5.34,,355.9,20.42,43.01,5.223,17.87,2.864,0.521,1.865,0.274,1.384,0.246,0.67,0.096,0.63,0.097,3.545,0.396,,10.98,1.831,133,,,,,,,,,,,,0.146666667,0.057678571,0.065,0.042553191,0.060924639,4.386574,0.05075,45.44451677,1.0075,0.882113821,6.155844156,1.933035714,#DIV/0!,13.48484848,86.160 ,70.278 ,54.979 ,38.266 ,18.719 ,8.983 ,9.075 ,7.326 ,5.449 ,4.346 ,4.048 ,3.765 ,3.706 ,3.819 
0076-1,West,Late J,68.05,0.53,14.71,1.77,1.85,0.04,1.31,2.57,4.22,4.18,0.15,0.39,99.77,,,,,,,,,6.601,,,9.714,,79.68,288.7,5.14,150.1,5.046,,396,20.55,38.19,4.265,13.88,2.043,0.427,1.296,0.183,0.896,0.185,0.454,0.069,0.475,0.082,3918,0.363,,11.92,1.708,133,,,,,,,,,,,,0.144215686,0.045892857,0.068064516,0.044468085,0.047814528,3.442646,0.03275,40.65064477,1.009569378,0.965831435,,2.17535545,#DIV/0!,13.90082645,86.709 ,62.402 ,44.895 ,29.722 ,13.353 ,7.362 ,6.307 ,4.893 ,3.528 ,3.269 ,2.743 ,2.706 ,2.794 ,3.228 
0076-2,West,Mid J,68.46,0.5,14.7,1.73,1.73,0.04,1.27,2.56,4.26,4.01,0.14,0.36,99.76,,,,,,,,,6.417,,,10.12,,82.41,292.9,7.05,127.5,5.922,,406.6,22.06,43.68,5.103,16.84,2.58,0.463,1.627,0.239,1.219,0.219,0.608,0.091,0.598,0.093,3.393,0.476,,11.4,2.068,137,,,,,,,,,,,,0.144117647,0.045714286,0.068709677,0.042659574,0.045647972,3.286654,0.03175,41.02174655,1.06234414,0.997237569,,2.344660194,#DIV/0!,12.44117647,93.080 ,71.373 ,53.716 ,36.060 ,16.863 ,7.983 ,7.917 ,6.390 ,4.799 ,3.869 ,3.674 ,3.569 ,3.518 ,3.661 
0076-5,West,Mid J,67.99,0.5,14.72,1.83,1.8,0.05,1.26,2.46,4.24,4.39,0.14,0.38,99.76,,,,,,,,,6.265,,,9.754,,81.35,275.5,7.172,172.2,5.758,,383.8,21.72,41.95,4.802,15.63,2.392,0.445,1.522,0.236,1.194,0.218,0.617,0.095,0.639,0.1,4.542,0.509,,12.77,1.932,137,,,,,,,,,,,,0.144313725,0.043928571,0.068387097,0.046702128,0.047869917,3.446634,0.0315,39.68758104,0.965831435,1,,3.083333333,#DIV/0!,11.31237721,91.646 ,68.546 ,50.547 ,33.469 ,15.634 ,7.672 ,7.406 ,6.310 ,4.701 ,3.852 ,3.728 ,3.725 ,3.759 ,3.937 
0076-6,West,Mid J,65.49,0.66,15.42,2.13,2.22,0.05,1.82,3.21,4.21,3.96,0.19,0.41,99.77,,,,,,,,,9.774,,,10.12,,78.85,328.6,7.782,122.9,5.477,,353.5,20.52,42.04,5.143,17.53,2.812,0.511,1.817,0.27,1.354,0.243,0.668,0.099,0.65,0.097,3.361,0.464,,12.93,3.094,137,,,,,,,,,,,,0.151176471,0.057321429,0.067903226,0.04212766,0.057452417,4.136574,0.0455,44.19517431,1.063131313,1.0075,,3.272727273,#DIV/0!,11.80387931,86.582 ,68.693 ,54.137 ,37.537 ,18.379 ,8.810 ,8.842 ,7.219 ,5.331 ,4.293 ,4.036 ,3.882 ,3.824 ,3.819 
076-8,West,Mid J,71.65,0.4,13.39,1.56,1.48,0.03,0.94,1.71,3.48,4.68,0.1,0.38,99.8,,,,,,,,,4.985,,,8.902,,88.62,206.9,9.544,141.4,6.34,,277.2,19.59,44.06,5.741,19.14,3.112,0.347,2.018,0.319,1.667,0.304,0.843,0.129,0.84,0.126,4.336,0.694,,20.04,2.327,137,,,,,,,,,,,,0.13127451,0.030535714,0.056129032,0.049787234,0.040051222,2.883688,0.0235,36.97804571,0.743589744,1.009569378,,3.732283465,#DIV/0!,9.135446686,82.658 ,71.993 ,60.432 ,40.985 ,20.340 ,5.983 ,9.820 ,8.529 ,6.563 ,5.371 ,5.094 ,5.059 ,4.941 ,4.961 
0076-9,West,Mid J,72.5,0.3,13.74,1.06,1.15,0.02,0.66,1.51,3.43,5.06,0.06,0.3,99.79,,,,,,,,,3.457,,,8.679,,87.36,209,8.525,75.97,5.277,,286.1,14.66,34.28,4.646,16,2.856,0.319,1.824,0.301,1.588,0.286,0.762,0.114,0.71,0.101,2.572,0.585,,23.39,1.982,137,,,,,,,,,,,,0.134705882,0.026964286,0.055322581,0.053829787,0.029219278,2.103788,0.0165,36.08980894,0.677865613,1.013667426,,4.638888889,#DIV/0!,9.020512821,61.857 ,56.013 ,48.905 ,34.261 ,18.667 ,5.500 ,8.876 ,8.048 ,6.252 ,5.053 ,4.604 ,4.471 ,4.176 ,3.976 
05TH16,West,Late J,56.7,1.17,16.7,6.78,,0.11,3.57,6.03,3.35,3,0.42,2.12,99.95,,,5.95,,140,28.9,,21.8,28,14.8,80.7,20.5,,72.7,981,15.6,222,9.33,1.67,839,36,74.3,9.44,34.9,6.81,1.66,5.27,0.7,3.39,0.61,1.53,0.22,1.34,0.19,5.67,0.51,15.2,4.3,1.57,129.7,0.2175,0.706368,±10,0.705966,0.1099,0.51252,±12,,-0.9,,,0.16372549,0.107678571,0.054032258,0.031914894,0.084731167,6.100644,0.08925,51.29865589,1.116666667,1.050228311,,4.724770642,4.888157895,18.29411765,151.899 ,121.405 ,99.368 ,74.732 ,44.510 ,28.621 ,25.645 ,18.717 ,13.346 ,10.777 ,9.245 ,8.627 ,7.882 ,7.480 
05TH17,West,Late J,56.6,1.08,16.4,7.29,,0.14,3.89,6.38,2.91,2.35,0.38,2.45,99.87,,,11.7,,148,29.9,,20.5,26.2,31.7,77.1,20.9,,58.6,987,15.7,204,8.48,1.93,927,35,70.4,8.93,33.1,6.35,1.61,4.87,0.65,3.19,0.58,1.5,0.21,1.3,0.19,5.26,0.49,17.8,4.84,1.53,129.7,0.166,0.706297,±14,0.70599,0.1107,0.512493,±12,,-1.4,,,0.160784314,0.113928571,0.046935484,0.025,0.09110475,6.559542,0.09725,51.6312968,1.238297872,1.052896725,,4.727272727,3.95505618,17.30612245,147.679 ,115.033 ,94.000 ,70.878 ,41.503 ,27.759 ,23.698 ,17.380 ,12.559 ,10.247 ,9.063 ,8.235 ,7.647 ,7.480 
M21P21,West,Late J,59.6,0.9,16.23,4.77,2.02,0.07,2.44,4.68,4.25,2.3,0.35,2.4,100.01,,19085,,5395,,,,,,,,,,62,1230,,185,8,4.3,840,45.1,82.1,9.98,45.8,7.03,1.73,4.6,0.61,3.82,0.77,0.17,0.28,1.68,0.26,5.1,,,11.4,3.55,Late Jura,,,,,,,,,,,,0.159117647,0.083571429,0.068548387,0.024468085,0.087667306,6.312046,0.061,41.0312138,1.847826087,1.06234414,,4.830188679,#DIV/0!,#DIV/0!,190.295 ,134.150 ,105.053 ,98.073 ,45.948 ,29.828 ,22.384 ,16.310 ,15.039 ,13.604 ,1.027 ,10.980 ,9.882 ,10.236 
N79006,West,Late J,67.26,0.47,16.62,1.39,1.78,0.11,0.78,2.39,4.05,4.84,0.2,0.76,100.65,,40179,,2817,,,,,,,,,,134,510,,290,14,8.8,1170,53.9,99.2,9.41,39.5,6.17,1.14,3.55,0.57,3.58,0.7,1.86,0.29,1.82,0.27,6.4,,,15.1,3.2,Late Jura,,,,,,,,,,,,0.162941176,0.042678571,0.065322581,0.051489362,0.042093361,3.030722,0.0195,31.65925621,0.83677686,1.063131313,,4.927835052,#DIV/0!,#DIV/0!,227.426 ,162.092 ,99.053 ,84.582 ,40.327 ,19.655 ,17.275 ,15.241 ,14.094 ,12.367 ,11.239 ,11.373 ,10.706 ,10.630 
N7P48,West,Late J,60.76,0.79,16.42,3.95,1.75,0.12,2.46,1.49,5.74,3.42,0.33,2.16,99.39,,28391,,4736,,,,,,,,,,89,580,,190,12,3.8,800,48.7,92.6,7.37,29.4,5.05,1.28,3.19,0.51,2.86,0.58,1.4,0.21,1.25,0.19,4.3,,,10.3,1.9,Late Jura,,,,,,,,,,,,0.160980392,0.026607143,0.092580645,0.036382979,0.073669583,5.30421,0.0615,45.4984017,1.678362573,1.067331671,,,#DIV/0!,#DIV/0!,205.485 ,151.307 ,77.579 ,62.955 ,33.007 ,22.069 ,15.523 ,13.636 ,11.260 ,10.247 ,8.459 ,8.235 ,7.353 ,7.480 
TC48,West,Late J,65.62,0.65,15.86,2.79,2.04,0.08,1.63,2.36,4,3.05,0.25,0.64,98.97,,25308,,3897,,,,,,,,,,110,620,,257,9.6,3.5,870,45.5,86.4,8.8,39.3,6.91,1.18,4.17,0.76,3.87,0.67,1.77,0.27,1.55,0.22,6.7,,,11,3.58,Late Jura,,,,,,,,,,,,0.155490196,0.042142857,0.064516129,0.032446809,0.063200583,4.550442,0.04075,39.20131922,1.31147541,1.078590786,,,#DIV/0!,#DIV/0!,191.983 ,141.176 ,92.632 ,84.154 ,45.163 ,20.345 ,20.292 ,20.321 ,15.236 ,11.837 ,10.695 ,10.588 ,9.118 ,8.661 
TC50,West,Late J,61.28,1,16.46,2.89,2.98,0.06,2.86,3.65,3.82,2.15,0.32,1.24,98.71,,17840,,5994,,,,,,,,,,78,740,,192,8.8,5.4,1080,31.7,65,7.29,34.8,5.68,1,3.23,0.52,2.04,0.39,0.82,0.12,0.75,0.1,5.2,,,8.4,4.07,Late Jura,,,,,,,,,,,,0.161372549,0.065178571,0.061612903,0.02287234,0.077505861,5.580422,0.0715,47.98468964,1.776744186,1.081818182,,,#DIV/0!,#DIV/0!,133.755 ,106.209 ,76.737 ,74.518 ,37.124 ,17.241 ,15.718 ,13.904 ,8.031 ,6.890 ,4.955 ,4.706 ,4.412 ,3.937 
TC25,West,Late J,63.18,1,16.2,4.26,0.94,0.13,1.08,3.71,5.05,2.85,0.43,1.74,100.57,,23649,,5994,,,,,,,,,,90,530,,210,10.2,3.7,1600,59.5,111,11,49,8.98,1.99,5.24,0.84,3.72,0.63,1.61,0.27,1.63,0.25,5.6,,,11.1,2.38,Late Jura,,,,,,,,,,,,0.158823529,0.06625,0.081451613,0.030319149,0.066293722,4.773148,0.027,28.94085406,1.771929825,1.084183673,,,#DIV/0!,#DIV/0!,251.055 ,181.373 ,115.789 ,104.925 ,58.693 ,34.310 ,25.499 ,22.460 ,14.646 ,11.131 ,9.728 ,10.588 ,9.588 ,9.843 
TC31,West,Late J,68.06,0.8,15.09,4.01,1.38,0.06,0.74,0.96,4.15,2.4,0.43,1.36,99.44,,19914,,4795,,,,,,,,,,73,680,,190,9.5,3.8,710,50.7,98.2,9.17,40,6.91,1.29,3.82,0.65,2.82,0.53,1.26,0.2,1.15,0.18,6.2,,,10.2,1.62,Late Jura,,,,,,,,,,,,0.147941176,0.017142857,0.066935484,0.025531915,0.069280528,4.988198,0.0185,21.0752891,1.729166667,1.088383838,,,#DIV/0!,#DIV/0!,213.924 ,160.458 ,96.526 ,85.653 ,45.163 ,22.241 ,18.589 ,17.380 ,11.102 ,9.364 ,7.613 ,7.843 ,6.765 ,7.087 
N79073,West,Late J,60.78,1,16.43,4.71,1.52,0.09,1.65,3.21,4.43,3.37,0.32,1.84,99.35,,27200,,5994,,,,,,,,,,97,1050,,160,11,4.7,940,49.4,78.6,9.55,35.5,6.19,1.29,3.98,0.74,3.09,0.57,1.41,0.22,1.37,0.2,3.4,,,98,2.5,Late Jura,,,,,,,,,,,,0.161078431,0.057321429,0.071451613,0.035851064,0.079973028,5.758058,0.04125,34.02818817,1.314540059,1.088383838,,,#DIV/0!,#DIV/0!,208.439 ,128.431 ,100.526 ,76.017 ,40.458 ,22.241 ,19.367 ,19.786 ,12.165 ,10.071 ,8.520 ,8.627 ,8.059 ,7.874 
N79075,West,Late J,65.16,0.8,16.71,2.18,2.12,0.16,1.03,2.37,4.48,3.94,0.3,1.22,100.47,,33100,,4700,,,,,,,,,,110,520,,220,15,3.3,1150,44.2,76.3,8.6,31.6,5.34,1.12,3.39,0.48,2.94,0.55,1.41,0.22,1.66,0.2,4.3,,,12.8,2.5,Late Jura,,,,,,,,,,,,0.163823529,0.042321429,0.072258065,0.041914894,0.056688389,4.081564,0.02575,31.23544789,1.137055838,1.115577889,,,#DIV/0!,#DIV/0!,186.498 ,124.673 ,90.526 ,67.666 ,34.902 ,19.310 ,16.496 ,12.834 ,11.575 ,9.717 ,8.520 ,8.627 ,9.765 ,7.874 
TC53,West,Late J,56.38,0.89,17.81,4.19,2.42,0.25,2.96,2.03,5.47,3.71,0.4,2.82,99.33,,30785,,5336,,,,,,,,,,104,520,,190,8.4,4.2,1140,39,72.8,7.73,37.8,5.88,1.51,3.57,0.58,3.36,0.69,1.58,0.22,1.35,0.21,5.3,,,5.3,0.98,Late Jura,,,,,,,,,,,,0.174607843,0.03625,0.088225806,0.039468085,0.085974472,6.190162,0.074,46.2573803,1.474393531,1.116666667,,,#DIV/0!,#DIV/0!,164.557 ,118.954 ,81.368 ,80.942 ,38.431 ,26.034 ,17.372 ,15.508 ,13.228 ,12.191 ,9.547 ,8.627 ,7.941 ,8.268 
TC70,West,Late J,62.16,0.76,18,0.65,3.18,0.13,2.61,4.3,3.74,2.34,0.25,1.74,99.86,,19417,,4556,,,,,,,,,,97,720,,180,9.4,9.9,740,40.8,74.9,7.2,34.5,6.05,1.45,4.47,0.72,4.03,0.84,2.3,0.32,1.72,0.21,5.9,,,10.4,3.26,Late Jura,,,,,,,,,,,,0.176470588,0.076785714,0.060322581,0.024893617,0.052289861,3.76487,0.06525,55.51308244,1.598290598,1.124352332,,,#DIV/0!,#DIV/0!,172.152 ,122.386 ,75.789 ,73.876 ,39.542 ,25.000 ,21.752 ,19.251 ,15.866 ,14.841 ,13.897 ,12.549 ,10.118 ,8.268 
TC76,West,Late J,57.8,0.78,17.45,3.78,2.11,0.1,3.12,2.78,5.76,2.95,0.29,2.42,99.34,,24479,,4676,,,,,,,,,,72,800,,126,7.5,3.3,1120,44.2,77,7.86,36.6,6.82,1.46,4.45,0.68,4.16,0.72,1.91,0.29,1.6,0.21,3.4,,,8.8,1.38,Late Jura,,,,,,,,,,,,0.171078431,0.049642857,0.092903226,0.031382979,0.076545056,5.511244,0.078,50.47071854,1.952542373,1.124472574,,,#DIV/0!,#DIV/0!,186.498 ,125.817 ,82.737 ,78.373 ,44.575 ,25.172 ,21.655 ,18.182 ,16.378 ,12.721 ,11.541 ,11.373 ,9.412 ,8.268 
N7259,West,Early K,70.12,0.4,13.89,2.74,0.94,0.04,1.2,1.38,2.88,4.9,0.1,1.54,100.13,,40677,,2500,,,,,,,,,,125,520,,164,14,3,500,35.8,67.1,6.75,26.5,4.19,0.71,2.61,0.44,2.54,0.48,1.24,0.2,1.2,0.19,6.1,,,13,2.4,Early K,,,,,,,,,,,,0.136176471,0.024642857,0.046451613,0.05212766,0.047297944,3.405452,0.03,38.81086388,0.587755102,1.125925926,,,#DIV/0!,#DIV/0!,151.055 ,109.641 ,71.053 ,56.745 ,27.386 ,12.241 ,12.701 ,11.765 ,10.000 ,8.481 ,7.492 ,7.843 ,7.059 ,7.480 
8,West,Early K,62.86,0.87,17.28,4.05,1.26,0.06,0.84,1.04,7.25,3.39,0.31,1.12,100.33,,,6.6,0.65,,11.2,,,10.4,,,,,74.3,640,12.4,250,16,,1160,46.3,95.2,8,36.4,6.2,1.1,4,0.6,3.7,0.6,1.7,0.2,1.6,0.2,5.7,1.4,,18,2.6,124,0.5412,0.70623,±40,,0.1026,0.512621,±9,,1.158,,,0.169411765,0.018571429,0.116935484,0.03606383,0.06811375,4.90419,0.021,23.56538694,2.138643068,1.134259259,,,#DIV/0!,11.42857143,195.359 ,155.556 ,84.211 ,77.944 ,40.523 ,18.966 ,19.465 ,16.043 ,14.567 ,10.601 ,10.272 ,7.843 ,9.412 ,7.874 
12,West,Early K,56.78,0.96,18.61,3.87,2.48,0.11,1.81,5.71,4.37,1.96,0.58,1.78,99.02,,,14,0.66,,7.2,,,1.8,,,,,54.4,1020,16.9,180,8.4,,910,26.8,48,5.6,28,5,1.6,4.5,0.7,4.5,0.8,2.3,0.3,1.9,0.3,6,1.2,,9.6,1.5,Early K,,,,,,,,,,,,0.18245098,0.101964286,0.070483871,0.020851064,0.082808694,5.962226,0.04525,35.33535946,2.229591837,1.135693215,,,#DIV/0!,7,113.080 ,78.431 ,58.947 ,59.957 ,32.680 ,27.586 ,21.898 ,18.717 ,17.717 ,14.134 ,13.897 ,11.765 ,11.176 ,11.811 
Hj2L1A,West,Late J,62.03,0.58,16.02,0.57,3.83,0.041,2.43,3.63,3.37,4.71,0.14,2.34,99.691,,,8.1,,68,,,,32.2,,,,,111,953,4.32,148,7.3,6.2,1533,40.1,59,6.1,19.5,3.32,0.68,1.86,0.24,1.13,0.21,0.46,0.065,0.4,0.06,4,0.62,,9.1,2.5,Late Jura,,,,,,,,,,,,0.157058824,0.064821429,0.054354839,0.050106383,0.060317861,4.342886,0.06075,50.1784697,0.715498938,1.137055838,,,#DIV/0!,11.77419355,169.198 ,96.405 ,64.211 ,41.756 ,21.699 ,11.724 ,9.051 ,6.417 ,4.449 ,3.710 ,2.779 ,2.549 ,2.353 ,2.362 
Hj2L2A,West,Late J,64.12,0.53,16.03,1.13,2.64,0.03,2.2,1.94,3.62,4.96,0.18,2.24,99.62,,,6.5,,72,,,,28.6,,,,,118,898,5.6,152,6.2,5.3,1493,49.7,81.5,7.44,24.7,3.81,0.86,2.26,0.26,1.23,0.28,0.59,0.071,0.41,0.053,5.1,0.53,,8.7,2.8,Late Jura,,,,,,,,,,,,0.157156863,0.034642857,0.058387097,0.052765957,0.050788528,3.656774,0.055,51.99051462,0.72983871,1.137662338,,,#DIV/0!,11.69811321,209.705 ,133.170 ,78.316 ,52.891 ,24.902 ,14.828 ,10.998 ,6.952 ,4.843 ,4.947 ,3.565 ,2.784 ,2.412 ,2.087 
Hj2L5A,West,Late J,64.8,0.55,16.05,1.19,2.79,0.02,2.02,0.4,1.21,8.44,0.19,2.52,100.18,,,6.1,,76,,,,27.3,,,,,202,441,5.2,166,4.6,6.7,1381,26,60,7.9,28.1,4.21,0.85,2.89,0.34,1.57,0.23,0.77,0.1,0.6,0.08,6.1,0.45,,10.4,3.1,Late Jura,,,,,,,,,,,,0.157352941,0.007142857,0.019516129,0.089787234,0.053621694,3.860762,0.0505,48.50093947,0.143364929,1.1425,,,#DIV/0!,10.22222222,109.705 ,98.039 ,83.158 ,60.171 ,27.516 ,14.655 ,14.063 ,9.091 ,6.181 ,4.064 ,4.653 ,3.922 ,3.529 ,3.150 
Hj2L7B,West,Late J,62.33,0.71,15.88,1.46,3.33,0.062,3.4,3.8,4.58,3.31,0.19,0.82,99.872,,,9.5,,78,,,,54.1,,,,,61,992,5.85,146,8,1.3,1109,33.8,50.2,6.59,20.4,3.47,0.72,1.97,0.26,1.33,0.24,0.67,0.084,0.48,0.073,4.5,0.69,,6.5,1.4,Late Jura,,,,,,,,,,,,0.155686275,0.067857143,0.073870968,0.035212766,0.064495944,4.643708,0.085,56.8577297,1.383685801,1.143576826,,,#DIV/0!,11.5942029,142.616 ,82.026 ,69.368 ,43.683 ,22.680 ,12.414 ,9.586 ,6.952 ,5.236 ,4.240 ,4.048 ,3.294 ,2.824 ,2.874 
18-2,West,Late J,62.16,0.62,15.89,1.46,2.8,0.09,2.78,3.18,3.21,3.66,0.2,4.05,100.1,,,8,,83.4,,,,26.5,,,,,79,904,9.5,171,6.8,3.5,1532,28,61,7.78,29.2,4.98,1.07,3.68,0.48,2.16,0.35,1.01,0.14,0.9,0.14,4.8,0.73,,6.4,1.4,Late Jura,,,,,,,,,,,,0.155784314,0.056785714,0.051774194,0.03893617,0.057134833,4.113708,0.0695,54.88221382,0.87704918,1.149717514,,,#DIV/0!,9.315068493,118.143 ,99.673 ,81.895 ,62.527 ,32.549 ,18.448 ,17.908 ,12.834 ,8.504 ,6.184 ,6.103 ,5.490 ,5.294 ,5.512 
18-3,West,Late J,66.59,0.56,16.57,1.2,2.77,0.1,2.06,0.37,2.46,5.09,0.21,2.55,100.53,,,6.8,,70,,,,18,,,,,114,473,6,150,5.8,2.6,1466,24,55,6.46,24.3,3.91,0.77,2.76,0.35,1.55,0.23,0.69,0.11,0.6,0.09,4.8,0.57,,5.8,1.1,Late Jura,,,,,,,,,,,,0.16245098,0.006607143,0.039677419,0.054148936,0.053468889,3.84976,0.0515,49.06215598,0.483300589,1.154545455,,,#DIV/0!,10.1754386,101.266 ,89.869 ,68.000 ,52.034 ,25.556 ,13.276 ,13.431 ,9.358 ,6.102 ,4.064 ,4.169 ,4.314 ,3.529 ,3.543 
W27-9156,West,Late J,63.62,0.5,17.06,2.66,3.31,0.03,2.35,0.61,2.4,4.25,0.25,3.6,100.64,,,7.1,,70,,,,30,,,,,100,548,8.09,200,20,9.4,1272,26,50,6,22.1,3.98,1.03,2.86,0.45,1.77,0.39,0.68,0.11,0.78,0.13,,1.6,,6.8,,Late Jura,,,,,,,,,,,,0.167254902,0.010892857,0.038709677,0.045212766,0.079214833,5.703468,0.05875,42.58331531,0.564705882,1.162162162,,,#DIV/0!,12.5,109.705 ,81.699 ,63.158 ,47.323 ,26.013 ,17.759 ,13.917 ,12.032 ,6.969 ,6.890 ,4.109 ,4.314 ,4.588 ,5.118 
2-1-1,West,Late J,61.37,0.66,15.96,1.47,3.13,0.09,3.31,3.53,4.15,3.07,0.22,3.1,100.06,,,,,,,,,,,,,,,,11.9,,,,,33,83,6.06,26.8,4.8,1.03,3.65,0.5,3.32,0.49,1.39,0.2,1.32,0.2,,,,,,Late Jura,,,,,,,,,,,,0.156470588,0.063035714,0.066935484,0.032659574,0.061843139,4.452706,0.08275,57.22954812,1.351791531,1.167108753,,,#DIV/0!,#DIV/0!,139.241 ,135.621 ,63.789 ,57.388 ,31.373 ,17.759 ,17.762 ,13.369 ,13.071 ,8.657 ,8.399 ,7.843 ,7.765 ,7.874 
2-1-2,West,Late J,62.11,0.59,15.78,1.72,2.53,0.1,3.28,2.73,4.11,3.23,0.19,3.55,99.92,,,,,,,,,,,,,,,,4.32,,,,,19.4,28.66,2.99,9.66,1.5,0.39,1.09,0.16,0.85,0.14,0.36,0.05,0.31,0.05,,,,,,Late Jura,,,,,,,,,,,,0.154705882,0.04875,0.066290323,0.034361702,0.056634111,4.077656,0.082,59.14850201,1.27244582,1.181034483,,,#DIV/0!,#DIV/0!,81.857 ,46.830 ,31.474 ,20.685 ,9.804 ,6.724 ,5.304 ,4.278 ,3.346 ,2.473 ,2.175 ,1.961 ,1.824 ,1.969 
Wy-l,West,Late J,63.01,0.56,15.81,2.24,2.5,0.06,3.1,2.41,4.62,3.08,0.28,2.14,99.81,,,,,81.8,,,,37,,,,,74,863,9.88,125,4,,1325,35.4,64.6,7.43,30.7,5.25,1.36,3.28,0.38,2.07,0.4,1.03,0.14,0.78,0.12,,0.89,,7.2,,Late Jura,,,,,,,,,,,,0.155,0.043035714,0.074516129,0.032765957,0.062716,4.515552,0.0775,55.27186626,1.5,1.18597561,,,#DIV/0!,4.494382022,149.367 ,105.556 ,78.211 ,65.739 ,34.314 ,23.448 ,15.961 ,10.160 ,8.150 ,7.067 ,6.224 ,5.490 ,4.588 ,4.724 
Wy-2,West,Late J,61.39,0.55,15.36,2.7,3.02,0.08,3.47,2.79,3.89,3.28,0.32,2.73,99.58,,,,,94,,,,40.7,,,,,86,872,12.07,145,5,,1304,40.7,69.9,8.31,34,5.87,1.45,3.75,0.49,2.5,0.5,1.26,0.18,0.98,0.16,,1.12,,7.2,,Late Jura,,,,,,,,,,,,0.150588235,0.049821429,0.062741935,0.034893617,0.075686944,5.44946,0.08675,53.40533848,1.18597561,1.190114068,,,#DIV/0!,4.464285714,171.730 ,114.216 ,87.474 ,72.805 ,38.366 ,25.000 ,18.248 ,13.102 ,9.843 ,8.834 ,7.613 ,7.059 ,5.765 ,6.299 
p2-103,West,Early K,67.63,0.526,15.54,1.59,2.31,0.109,0.888,0.98,4.6,4.38,0.132,0.869,99.554,,,2.62,,33.7,56.2,,5.22,5.06,,,24.4,,87.9,349,9,360,16.1,1.93,762,7.65,28.6,1.65,4.8,1,0.22,1.22,0.24,1.58,0.33,0.93,0.17,1.12,0.17,9.85,1.26,,16.5,4.44,Early K,,,,,,,,,,,,0.152352941,0.0175,0.074193548,0.046595745,0.051953917,3.740682,0.0222,29.93773087,1.050228311,1.204081633,,,#DIV/0!,12.77777778,32.278 ,46.732 ,17.368 ,10.278 ,6.536 ,3.793 ,5.937 ,6.417 ,6.220 ,5.830 ,5.619 ,6.667 ,6.588 ,6.693 
p2-119,West,Early K,68,0.51,15.39,1.54,2.06,0.064,0.829,1.17,4.34,4.92,0.122,0.646,99.591,,,2.5,,33.9,57,,5.54,4.52,,,25.4,,99.8,370,10.3,358,17.4,1.82,784,9.45,14.7,2.71,8.98,1.68,0.21,1.42,0.24,1.55,0.34,1.02,0.2,1.29,0.19,10.8,1.42,,18.4,4,Early K,,,,,,,,,,,,0.150882353,0.020892857,0.07,0.052340426,0.047856833,3.445692,0.020725,30.21937296,0.882113821,1.212543554,,,#DIV/0!,12.25352113,39.873 ,24.020 ,28.526 ,19.229 ,10.980 ,3.621 ,6.910 ,6.417 ,6.102 ,6.007 ,6.163 ,7.843 ,7.588 ,7.480 
p2-129,West,Early K,68.37,0.504,15.5,1.51,2.01,0.161,0.818,0.95,4.9,4.32,0.114,0.415,99.572,,,2.02,,32.2,50.8,,4.25,6.54,,,23.7,,78.1,351,12.5,353,16.6,1.25,716,13.3,20.4,2.25,6.38,1.08,0.2,1.28,0.26,1.86,0.42,1.3,0.25,1.7,0.25,10,1.4,,17.9,3.78,Early K,,,,,,,,,,,,0.151960784,0.016964286,0.079032258,0.045957447,0.046787472,3.368698,0.02045,30.41458777,1.134259259,1.227272727,,,#DIV/0!,11.85714286,56.118 ,33.333 ,23.684 ,13.662 ,7.059 ,3.448 ,6.229 ,6.952 ,7.323 ,7.420 ,7.855 ,9.804 ,10.000 ,9.843 
p21-017,West,Late J,68.21,0.432,15.52,1.25,2.41,0.088,0.753,1.83,4.97,3.9,0.127,0.065,99.555,,,3.79,,27.8,55.7,,3.81,3.34,,,27.9,,85,336,10.4,185,14.2,2.9,771,35.8,49.6,6.53,20.6,3.14,0.84,2.84,0.35,1.82,0.36,1.06,0.2,1.37,0.22,6.2,1.18,,15.3,1.84,Late Jura,,,,,,,,,,,,0.152156863,0.032678571,0.08016129,0.041489362,0.04909375,3.53475,0.018825,27.7169412,1.274358974,1.236024845,,,#DIV/0!,12.03389831,151.055 ,81.046 ,68.737 ,44.111 ,20.523 ,14.483 ,13.820 ,9.358 ,7.165 ,6.360 ,6.405 ,7.843 ,8.059 ,8.661 
p21-036,West,Late J,68,0.493,15.3,1.98,2.04,0.074,0.87,1.75,4.54,3.97,0.152,0.415,99.584,,,4.98,,42.2,60.4,,5.8,6.08,,,27.1,,83.3,436,13.5,160,12,2.71,730,34.9,48.5,7.59,24.9,4.12,0.89,3.5,0.47,2.45,0.48,1.43,0.27,1.81,0.28,5.58,0.86,,10.3,1.8,Late Jura,,,,,,,,,,,,0.15,0.03125,0.073225806,0.042234043,0.053077833,3.821604,0.02175,29.06672428,1.143576826,1.238297872,,,#DIV/0!,13.95348837,147.257 ,79.248 ,79.895 ,53.319 ,26.928 ,15.345 ,17.032 ,12.567 ,9.646 ,8.481 ,8.640 ,10.588 ,10.647 ,11.024 
G0208-1,West,Mid J,71.22,0.29,15.3,1.97,,0.03,0.54,1.94,4.13,3.43,0.16,0.95,99.96,,,,,,,,3.1,,,,19.54,,81.97,577.2,6.5,111,3.74,,921.8,15.01,30.16,4.04,14.92,2.85,0.69,2.01,0.28,1.41,0.24,0.59,0.08,0.49,0.07,3.01,0.3,,5.33,0.58,135,0.411,0.705251,10,0.7045,0.1155,0.512706,11,,2.73,,,0.15,0.034642857,0.066612903,0.036489362,0.024619528,1.772606,0.0135,35.4149193,1.204081633,1.27244582,,,#DIV/0!,12.46666667,63.333 ,49.281 ,42.526 ,31.949 ,18.627 ,11.897 ,9.781 ,7.487 ,5.551 ,4.240 ,3.565 ,3.137 ,2.882 ,2.756 
G0208-3,West,Mid J,71.23,0.34,15.12,2.34,,0.04,0.7,2.01,3.81,3.3,0.09,0.81,99.79,,,,,,,,4.47,,,,20.88,,91.16,508.3,7.43,124.2,4.81,,606.5,15.16,32.86,4.12,15.42,2.72,0.62,1.9,0.27,1.37,0.25,0.67,0.09,0.59,0.09,3.36,0.47,,7.3,1.25,135,0.519,0.70567,13,0.7047,0.1067,0.512706,12,,2.88,,,0.148235294,0.035892857,0.061451613,0.035106383,0.0292435,2.105532,0.0175,37.43836041,1.154545455,1.274358974,,,#DIV/0!,10.23404255,63.966 ,53.693 ,43.368 ,33.019 ,17.778 ,10.690 ,9.246 ,7.219 ,5.394 ,4.417 ,4.048 ,3.529 ,3.471 ,3.543 
Y120811-2,West,Late J,67.1,0.66,13.83,0.39,2.5,0.03,1.48,3.49,6.38,3.07,0.25,1.21,100.39,,,,,,,,,,,,,,83.1,794,8.38,74.8,6.24,,635,36.2,48.6,5.48,20.3,3.12,0.904,2.38,0.319,1.55,0.299,0.855,0.107,0.65,0.092,6.09,4.81,,5.52,,134,,,,,,,,,,,,0.135588235,0.062321429,0.102903226,0.032659574,0.039596139,2.850922,0.037,48.30530695,2.078175896,1.289772727,,,#DIV/0!,1.297297297,152.743 ,79.412 ,57.684 ,43.469 ,20.392 ,15.586 ,11.582 ,8.529 ,6.102 ,5.283 ,5.166 ,4.196 ,3.824 ,3.622 
Y1200607-1,West,Late J,68.51,0.51,14.29,0.26,2.05,0.03,1.25,2.47,5.77,3.78,0.21,1.2,100.33,,,,,,,,,,,,,,82.4,685,9.78,84.3,6.65,,763,22.6,39.9,5.55,21.2,3.75,0.934,2.77,0.381,2.08,0.347,0.975,0.132,0.787,0.117,7.7,5.94,,5.49,,134,,,,,,,,,,,,0.140098039,0.044107143,0.093064516,0.040212766,0.0317215,2.283948,0.03125,49.62562429,1.526455026,1.31147541,,,#DIV/0!,1.11952862,95.359 ,65.196 ,58.421 ,45.396 ,24.510 ,16.103 ,13.479 ,10.187 ,8.189 ,6.131 ,5.891 ,5.176 ,4.629 ,4.606 
Z04,West,Late J,69.71,0.45,13.81,0.66,1.5,0.04,0.86,2.33,5.95,3.25,0.16,1.8,100.52,,,,,,,,,,,,,,100,727,9.66,101,7.27,,864,27.6,48.7,6.12,21.8,3.63,0.985,3.05,0.375,1.92,0.326,0.928,0.121,0.822,0.121,10.2,8.08,,6.13,,134,,,,,,,,,,,,0.135392157,0.041607143,0.095967742,0.034574468,0.0290815,2.093868,0.0215,42.50565918,1.830769231,1.314540059,,,#DIV/0!,0.899752475,116.456 ,79.575 ,64.421 ,46.681 ,23.725 ,16.983 ,14.842 ,10.027 ,7.559 ,5.760 ,5.607 ,4.745 ,4.835 ,4.764 
Z05,West,Late J,69.26,0.46,13.94,0.83,1.4,0.04,0.86,2.29,5.82,3.2,0.14,1.7,99.94,,,,,,,,,,,,,,80,793,9.25,93.6,7.21,,808,25.8,43.9,5.65,21.2,3.76,0.999,2.86,0.367,1.87,0.337,0.944,0.129,0.761,0.105,11.6,10.5,,5.22,,134,,,,,,,,,,,,0.136666667,0.040892857,0.093870968,0.034042553,0.029817139,2.146834,0.0215,41.89633418,1.81875,1.324840764,,,#DIV/0!,0.686666667,108.861 ,71.732 ,59.474 ,45.396 ,24.575 ,17.224 ,13.917 ,9.813 ,7.362 ,5.954 ,5.704 ,5.059 ,4.476 ,4.134 
Y11260l,West,Late J,70.36,0.34,13.59,0.02,1.45,0.01,0.75,1.81,5.33,4.74,0.13,1.59,100.12,,,,,,,,,,,,,,121,535,11.2,81.3,7.21,,611,20.5,37.6,5.11,18.2,3.56,0.898,2.59,0.348,1.92,0.381,1.05,0.143,0.944,0.135,9.38,7.73,,5.94,,134,,,,,,,,,,,,0.133235294,0.032321429,0.085967742,0.050425532,0.020388833,1.467996,0.01875,47.90638454,1.124472574,1.329153605,,,#DIV/0!,0.932729625,86.498 ,61.438 ,53.789 ,38.972 ,23.268 ,15.483 ,12.603 ,9.305 ,7.559 ,6.731 ,6.344 ,5.608 ,5.553 ,5.315 
YD3—1,West,Late J,69.65,0.31,13.36,0.53,1.85,0.07,0.73,1.87,4.34,3.86,0.11,1.65,98.33,,,,,,,,,,,,,,124,371,15.3,173,7.65,,832,31.6,54.2,6.44,23.6,3.92,0.819,3.18,0.475,2.79,0.518,1.65,0.251,1.61,0.27,8.83,5.1,,11.2,,134,,,,,,,,,,,,0.130980392,0.033392857,0.07,0.04106383,0.032317972,2.326894,0.01825,36.09003723,1.124352332,1.343601896,,,#DIV/0!,1.5,133.333 ,88.562 ,67.789 ,50.535 ,25.621 ,14.121 ,15.474 ,12.701 ,10.984 ,9.152 ,9.970 ,9.843 ,9.471 ,10.630 
Y120605,West,Late J,65.33,0.46,13.99,0.1,3.1,0.09,1,2.83,5.67,4.22,0.18,2.84,99.81,,,,,,,,,,,,,,113,538,15.9,241,7.92,,933,29.6,50.4,6.83,23.8,4.08,0.897,3.33,0.493,2.94,0.602,1.89,0.252,1.84,0.267,10.6,5.15,,9.47,,134,,,,,,,,,,,,0.137156863,0.050535714,0.091451613,0.044893617,0.044305278,3.18998,0.025,36.07228887,1.343601896,1.351791531,,,#DIV/0!,1.537864078,124.895 ,82.353 ,71.895 ,50.964 ,26.667 ,15.466 ,16.204 ,13.182 ,11.575 ,10.636 ,11.420 ,9.882 ,10.824 ,10.512 
Y120804,West,Late J,69.02,0.35,13.56,0.02,2.75,0.07,0.86,1.77,5.1,3.51,0.14,2.63,99.78,,,,,,,,,,,,,,107,471,16.3,218,7.67,,796,33.4,55.9,7.01,24.6,4.03,0.822,3.49,0.503,2.81,0.542,1.61,0.247,1.42,0.258,8.69,3.86,,8.42,,134,,,,,,,,,,,,0.132941176,0.031607143,0.082258065,0.037340426,0.038444389,2.767996,0.0215,35.86657634,1.452991453,1.367292225,,,#DIV/0!,1.987046632,140.928 ,91.340 ,73.789 ,52.677 ,26.340 ,14.172 ,16.983 ,13.449 ,11.063 ,9.576 ,9.728 ,9.686 ,8.353 ,10.157 
YL1,West,Late J,72.77,0.27,15.07,1.61,,0.03,0.58,1.43,3.98,3.22,0.09,0.78,99.74,,,,,,,,,,,,,,84.4,510.2,13.28,118.51,9.18,,623.1,16.6,36,4.38,17.02,3.26,0.63,2.66,0.42,2.37,0.42,1.18,0.2,1.26,0.17,4.04,0.74,20.8,5.03,1.01,128,,,,,,,,,,,,0.147745098,0.025535714,0.064193548,0.034255319,0.020120528,1.448678,0.0145,41.88266595,1.236024845,1.383685801,,,1.730769231,12.40540541,70.042 ,58.824 ,46.105 ,36.445 ,21.307 ,10.862 ,12.944 ,11.230 ,9.331 ,7.420 ,7.130 ,7.843 ,7.412 ,6.693 
YL3,West,Late J,68.49,0.57,16.73,2.68,,0.04,0.92,2.37,4.47,2.76,0.22,0.63,99.72,,,,,,,,,,,,,,44,964.8,6.8,188.12,4.81,,1143.1,22.1,51,6.24,25.05,4.05,1.18,2.77,0.32,1.49,0.23,0.57,0.08,0.45,0.06,8.97,0.28,15.96,2.19,0.31,129,,,,,,,,,,,,0.164019608,0.042321429,0.072096774,0.029361702,0.033492556,2.411464,0.023,40.71332899,1.619565217,1.384030418,,,3.195488722,17.17857143,93.249 ,83.333 ,65.684 ,53.640 ,26.471 ,20.345 ,13.479 ,8.556 ,5.866 ,4.064 ,3.444 ,3.137 ,2.647 ,2.362 
0075-3,West,Late J,,,,,,,,,,,,,,,,,,,,,,,,,,,,,,,,,,,,,,,,,,,,,,,,,,,,,130,0.5682,0.706208,14,0.7052,0.1,0.512598,12,,0.8,,,,,,,,0,,,#DIV/0!,1.390581717,,,#DIV/0!,#DIV/0!,0.000 ,0.000 ,0.000 ,0.000 ,0.000 ,0.000 ,0.000 ,0.000 ,0.000 ,0.000 ,0.000 ,0.000 ,0.000 ,0.000 
0075-4,West,Late J,,,,,,,,,,,,,,,,,,,,,,,,,,,,,,,,,,,,,,,,,,,,,,,,,,,,,130,3.7032,0.709796,13,0.703,0.09,0.512549,13,,0,,,,,,,,0,,,#DIV/0!,1.452991453,,,#DIV/0!,#DIV/0!,0.000 ,0.000 ,0.000 ,0.000 ,0.000 ,0.000 ,0.000 ,0.000 ,0.000 ,0.000 ,0.000 ,0.000 ,0.000 ,0.000 
0076-2,West,Late J,,,,,,,,,,,,,,,,,,,,,,,,,,,,,,,,,,,,,,,,,,,,,,,,,,,,,130,0.814,0.706878,14,0.7054,0.09,0.512541,10,,-0.2,,,,,,,,0,,,#DIV/0!,1.458083832,,,#DIV/0!,#DIV/0!,0.000 ,0.000 ,0.000 ,0.000 ,0.000 ,0.000 ,0.000 ,0.000 ,0.000 ,0.000 ,0.000 ,0.000 ,0.000 ,0.000 
0076-9,West,Late J,,,,,,,,,,,,,,,,,,,,,,,,,,,,,,,,,,,,,,,,,,,,,,,,,,,,,131,1.2093,0.707674,11,0.7054,0.11,0.512553,14,,-0.2,,,,,,,,0,,,#DIV/0!,1.474393531,,,#DIV/0!,#DIV/0!,0.000 ,0.000 ,0.000 ,0.000 ,0.000 ,0.000 ,0.000 ,0.000 ,0.000 ,0.000 ,0.000 ,0.000 ,0.000 ,0.000 
BXG-4,West,Early K,63.69,0.58,15.29,1.56,2.72,0.06,2.17,3.2,4.36,2.51,0.18,3.6,99.94,,,,,,,,10.76,12.86,5.54,,20.7,,80.6,519,8.66,174.93,7.51,,,31.92,59.52,6.8,26.74,4.43,1.21,3.37,0.43,2.08,0.34,0.87,0.12,0.69,0.1,5.76,0.6,11.58,6.58,0.97,125,,,,,,,,,,,,0.149901961,0.057142857,0.070322581,0.026702128,0.057273444,4.123688,0.05425,48.64448033,1.737051793,1.475460123,,,5.139896373,12.51666667,134.684 ,97.255 ,71.579 ,57.259 ,28.954 ,20.862 ,16.399 ,11.497 ,8.189 ,6.007 ,5.257 ,4.706 ,4.059 ,3.937 
BXG-17,West,Early K,56.34,0.91,15.92,2.59,4.45,0.11,6.39,4.98,3.56,2.24,0.34,1.9,99.72,,,,,,,,24.4,32,67.9,,20.89,,60.2,1001,14.99,92.93,5.1,,,26.39,55.87,6.76,28.3,5.24,1.57,4.42,0.59,3.22,0.58,1.62,0.24,1.39,0.22,3.84,0.43,12.11,5.12,1.02,125,,,,,,,,,,,,0.156078431,0.088928571,0.057419355,0.023829787,0.094173361,6.780482,0.15975,62.9126833,1.589285714,1.486153846,,,4.613542527,11.86046512,111.350 ,91.291 ,71.158 ,60.600 ,34.248 ,27.069 ,21.509 ,15.775 ,12.677 ,10.247 ,9.789 ,9.412 ,8.176 ,8.661 
21LD-1,West,Mid J,68.31,0.44,16.27,2.25,0.62,0.03,0.85,3.4,4.73,1.63,0.16,1.05,99.74,,,8,,,20,,8,17,,,,,32,832,7.6,116,2,,649,15.05,27.73,3.41,12.64,2.29,0.67,1.94,0.23,1.16,0.21,0.55,0.08,0.51,0.07,3.04,0.13,,2.49,0.78,141,0.1112,0.704334,15,0.70412,0.1112,0.5126555,8,0.74,1.87,,,0.159509804,0.060714286,0.076290323,0.017340426,0.036729861,2.64455,0.02125,36.65065696,2.901840491,1.5,,,#DIV/0!,15.38461538,63.502 ,45.310 ,35.895 ,27.066 ,14.967 ,11.552 ,9.440 ,6.150 ,4.567 ,3.710 ,3.323 ,3.137 ,3.000 ,2.756 
21LD-2,West,Mid J,68.43,0.45,16.18,2.32,0.53,0.03,0.84,3.53,4.63,1.61,0.15,1.04,99.74,,,8,,,23,,8,18,,,,,31.4,796,10.4,119,2.2,,681,15.86,28.85,3.42,13.8,2.37,0.73,2.09,0.25,1.17,0.23,0.63,0.08,0.51,0.07,3.12,0.14,,2.72,0.9,141,0.1143,0.704312,15,0.70409,0.1057,0.5126222,9,0.75,1.32,,,0.158627451,0.063035714,0.074677419,0.01712766,0.036354667,2.617536,0.021,36.61428306,2.875776398,1.526455026,,,#DIV/0!,15.71428571,66.920 ,47.141 ,36.000 ,29.550 ,15.490 ,12.586 ,10.170 ,6.684 ,4.606 ,4.064 ,3.807 ,3.137 ,3.000 ,2.756 
21LD-3,West,Mid J,69.06,0.45,16.02,2.22,0.53,0.03,0.69,2.96,4.79,1.6,0.15,1.26,99.76,,,9,,,26,,7,18,,,,,35,709,7.5,115,2.1,,659,14.74,28.07,3.3,12.69,2.19,0.75,1.78,0.25,1.16,0.2,0.52,0.07,0.41,0.06,2.92,0.14,,2.63,0.82,141,0.1432,0.704414,15,0.70414,0.1059,0.5126033,9,0.77,0.95,,,0.157058824,0.052857143,0.077258065,0.017021277,0.035104944,2.527556,0.01725,32.94817745,2.99375,1.559259259,,,#DIV/0!,15,62.194 ,45.866 ,34.737 ,27.173 ,14.314 ,12.931 ,8.662 ,6.684 ,4.567 ,3.534 ,3.142 ,2.745 ,2.412 ,2.362 
21LD-4,West,Mid J,68.41,0.45,16.36,2.37,0.5,0.02,0.7,3.4,4.7,1.79,0.15,0.9,99.75,,,8,,,18,,8,13,,,,,37,828,6.9,120,2.2,,700,15.46,29.09,3.39,12.66,2.14,0.73,1.88,0.22,1.05,0.21,0.55,0.08,0.37,0.06,3.21,0.15,,2.69,0.9,141,0.1295,0.704503,16,0.70425,0.1039,0.5126588,9,0.68,2.06,,,0.160392157,0.060714286,0.075806452,0.019042553,0.036562861,2.632526,0.0175,32.36972598,2.625698324,1.564516129,,,#DIV/0!,14.66666667,65.232 ,47.533 ,35.684 ,27.109 ,13.987 ,12.586 ,9.148 ,5.882 ,4.134 ,3.710 ,3.323 ,3.137 ,2.176 ,2.362 
ERSH-2,West,Mid J,55.56,1.17,18.38,4.65,1.06,0.07,2.71,3.27,6.13,2.14,0.41,4.57,100.12,,,11.87,,,,,,,,,,,44.07,1061.04,10.98,254.76,9.06,,1162.22,50.53,96.95,11.63,42.35,6.58,1.91,4.76,0.55,2.58,0.44,1.12,0.15,0.86,0.12,6.49,0.7,20.82,6.04,0.9,140,0.114184,0.706135,,0.705907,0.095961,0.512634,,0.67,1.7,,,0.180196078,0.058392857,0.098870968,0.022765957,0.072834306,5.24407,0.06775,48.19172363,2.864485981,1.589285714,,,4.656580211,12.94285714,213.207 ,158.415 ,122.421 ,90.685 ,43.007 ,32.931 ,23.163 ,14.706 ,10.157 ,7.774 ,6.767 ,5.882 ,5.059 ,4.724 
GH04-2,West,Mid K,58.37,1.31,17.21,5.79,0.82,0.05,1.46,3.84,4.38,2.61,0.54,3.6,99.98,,,12.73,,,,,,,,,,,34.74,1223.59,12.32,332,11.77,,1323.62,55.95,111.61,13.33,50.02,7.94,2.01,5.51,0.63,2.99,0.53,1.34,0.18,1.05,0.15,8.51,0.82,15.64,5.34,1.07,114,,,,,,,,,,,,0.16872549,0.068571429,0.070645161,0.027765957,0.083747806,6.029842,0.0365,30.35398428,1.67816092,1.594095941,,,7.136189258,14.35365854,236.076 ,182.369 ,140.316 ,107.109 ,51.895 ,34.655 ,26.813 ,16.845 ,11.772 ,9.364 ,8.097 ,7.059 ,6.176 ,5.906 
SPM13TC19,West,Early K,57.4,0.92,18.83,2.87,2.69,0.1,2.06,4.68,4.81,3.26,0.45,1.53,99.61,,,8.6,,91.8,17.1,,10,2.73,16.6,87.1,22.4,,81.1,1245,17.1,183,11.2,,1141,32,71.1,9.2,36.3,6.11,1.74,4.98,0.73,3.8,0.66,1.95,0.3,1.9,0.32,4.95,0.7,12.9,5.24,1.05,123.4,,,,,,,,,,,,0.184607843,0.083571429,0.077580645,0.034680851,0.073228139,5.272426,0.0515,41.28980073,1.475460123,1.598290598,,,5.511627907,16,135.021 ,116.176 ,96.842 ,77.730 ,39.935 ,30.000 ,24.234 ,19.519 ,14.961 ,11.661 ,11.782 ,11.765 ,11.176 ,12.598 
SPM9-5-1,West,Early K,68.18,0.44,15.6,1.73,1.21,0.06,0.9,2.24,4.44,3.98,0.14,0.91,99.74,,,5.58,,52.5,17.2,,5.17,1.98,11.7,48.6,18.6,,117,548,14,222,10.9,,905,33.1,67.1,7.46,25.8,4.08,0.96,3.37,0.48,2.59,0.49,1.53,0.26,1.83,0.33,7.21,0.82,18.2,12.7,1.69,123.6,,,,,,,,,,,,0.152941176,0.04,0.071612903,0.042340426,0.03842575,2.766654,0.0225,36.93019782,1.115577889,1.619565217,,,3.686813187,13.29268293,139.662 ,109.641 ,78.526 ,55.246 ,26.667 ,16.552 ,16.399 ,12.834 ,10.197 ,8.657 ,9.245 ,10.196 ,10.765 ,12.992 
P2121-1,West,Early K,55.97,0.84,20.67,2.94,2.14,0.1,1.94,6.32,4.33,2.1,0.33,2.05,99.73,,,11.9,5039,102,7.5,,13,4.9,20,69.6,23.9,,51.5,1415,19.1,145.1,8.04,2.53,778,23.5,51.4,6.8,30.1,5.7,1.8,4.71,0.7,3.91,0.71,1.81,0.3,1.71,0.32,4.09,0.68,14.8,4.16,1.29,123,,,,,,,,,,,,0.202647059,0.112857143,0.06983871,0.022340426,0.066464056,4.785412,0.0485,42.18709906,2.061904762,1.63190184,,,3.472972973,11.82352941,99.156 ,83.987 ,71.579 ,64.454 ,37.255 ,31.034 ,22.920 ,18.717 ,15.394 ,12.544 ,10.937 ,11.765 ,10.059 ,12.598 
D6804B1,West,Late J,60.78,0.76,16.01,3.31,2.33,0.09,2.77,4.69,3.48,2.87,0.21,2.47,99.77,,,13.3,4944,132,41.3,,18.6,14.5,18.6,77.5,20.1,,40.1,749,12.5,140,8.06,2.27,870,21.5,40.2,5,19.8,3.6,1.14,3.11,0.44,2.41,0.48,1.37,0.2,1.34,0.21,4.04,0.51,15.4,4.51,1.47,,,,,,,,,,,,,0.156960784,0.08375,0.056129032,0.030531915,0.073726917,5.308338,0.06925,48.4343918,1.212543554,1.662601626,,,2.61038961,15.80392157,90.717 ,65.686 ,52.632 ,42.398 ,23.529 ,19.655 ,15.134 ,11.765 ,9.488 ,8.481 ,8.278 ,7.843 ,7.882 ,8.268 
BLS7-01,West,Late J,65.09,0.47,15.62,2.08,1.68,0.08,1.46,2.33,5.32,3.26,0.18,1.84,99.41,,,,,,,,,,,,,,77.5,602,14.98,183,8.67,,1176,30.81,57.26,6.69,22.25,4.29,1.02,3.47,0.49,2.75,0.55,1.57,0.24,1.62,0.26,4.91,0.66,15.5,7.48,2.11,133.5,,,,,,,,,,,,0.153137255,0.041607143,0.085806452,0.034680851,0.049327556,3.551584,0.0365,42.52713451,1.63190184,1.67816092,,,3.694193548,13.13636364,130.000 ,93.562 ,70.421 ,47.645 ,28.039 ,17.586 ,16.886 ,13.102 ,10.827 ,9.717 ,9.486 ,9.412 ,9.529 ,10.236 
BLS7-06,West,Late J,62.86,0.54,15.85,2.37,2.08,0.08,1.79,3.35,5.39,3.16,0.22,2.5,100.23,,,,,,,,,,,,,,71.4,690,15.81,184,8.1,,1065,27.98,54.07,6.49,22.23,4.5,1.1,3.6,0.52,2.88,0.58,1.63,0.24,1.66,0.26,4.86,0.59,15,6.55,1.9,133.5,,,,,,,,,,,,0.155392157,0.059821429,0.086935484,0.033617021,0.058507306,4.212526,0.04475,43.33833791,1.705696203,1.678362573,,,3.604666667,13.72881356,118.059 ,88.350 ,68.316 ,47.602 ,29.412 ,18.966 ,17.518 ,13.904 ,11.339 ,10.247 ,9.849 ,9.412 ,9.765 ,10.236 
BLS7-07,West,Late J,65.44,0.44,15.8,1.96,1.64,0.08,1.35,2.39,5.57,3.17,0.18,1.88,99.89,,,,,,,,,,,,,,74,592,15.02,187,8.53,,1157,28.99,55.63,6.54,21.81,4.24,1.01,3.4,0.49,2.72,0.55,1.57,0.25,1.64,0.26,5.02,0.66,18.3,7.7,2.13,133.5,,,,,,,,,,,,0.154901961,0.042678571,0.08983871,0.033723404,0.047272333,3.403608,0.03375,41.65518149,1.757097792,1.698113208,,,3.03989071,12.92424242,122.321 ,90.899 ,68.842 ,46.702 ,27.712 ,17.414 ,16.545 ,13.102 ,10.709 ,9.717 ,9.486 ,9.804 ,9.647 ,10.236 
13GW256,West,Mid J,73.18,0.23,14.52,0.66,0.5,0.02,0.34,0.93,4.73,4.07,0.07,0.84,99.59,,,,,18.8,16.8,,1.7,4.74,,,15.5,,99.7,672,6.07,72.6,4.74,2.2,796,22.4,41.2,4.23,14.5,2.3,0.5,1.6,0.23,1.14,0.22,0.63,0.11,0.68,0.11,2.68,0.65,48.1,8.4,1.96,137,,,,,,,,,,,,0.142352941,0.016607143,0.076290323,0.043297872,0.015192611,1.093868,0.0085,35.87616392,1.162162162,1.705696203,,,0.856548857,7.292307692,94.515 ,67.320 ,44.526 ,31.049 ,15.033 ,8.621 ,7.786 ,6.150 ,4.488 ,3.887 ,3.807 ,4.314 ,4.000 ,4.331 
13GW257,West,Mid J,72.24,0.16,15.43,1.02,0.52,0.03,0.45,0.9,4.86,3.96,0.05,0.88,99.98,,,,,15.1,10.6,,1.77,5.43,,,17,,88.6,645,5.36,81,3.93,2.22,829,12.8,22.8,2.74,9.89,1.65,0.34,1.2,0.18,0.86,0.16,0.54,0.11,0.72,0.12,3.52,0.47,49,7.85,2.21,137,,,,,,,,,,,,0.15127451,0.016071429,0.078387097,0.04212766,0.019969389,1.437796,0.01125,36.03529858,1.227272727,1.729166667,,,0.465306122,8.361702128,54.008 ,37.255 ,28.842 ,21.178 ,10.784 ,5.862 ,5.839 ,4.813 ,3.386 ,2.827 ,3.263 ,4.314 ,4.235 ,4.724 
ER3-3,West,Early K,55.33,1.14,16.46,7.6,,0.11,3.78,5.66,3.13,2.63,0.37,3.58,99.56,,,14.7,,158,19.9,,24.8,41.1,37.8,98.6,21.8,,54.3,953,18.3,228,10.1,7.32,868,36,74.3,9.03,35,6.62,1.71,5.1,0.66,3.54,0.63,1.61,0.23,1.36,0.2,5.45,0.55,12.8,5.48,1.16,125,,,,,,,,,,,,0.161372549,0.101071429,0.050483871,0.027978723,0.094978889,6.83848,0.0945,49.87363001,1.190114068,1.737051793,,,5.8046875,18.36363636,151.899 ,121.405 ,95.053 ,74.946 ,43.268 ,29.483 ,24.818 ,17.647 ,13.937 ,11.131 ,9.728 ,9.020 ,8.000 ,7.874 
ER4-1,West,Early K,58.18,1.05,16.48,6.11,,0.08,3.08,4.78,3.64,2.63,0.37,3.39,99.58,,,12.5,,143,53.8,,19.8,35.4,11.2,94.8,23.4,,43.2,1119,13.9,246,7.9,8.69,1248,38.8,79.8,9.57,36.4,6.38,1.74,4.55,0.55,2.62,0.46,1.16,0.17,1.03,0.14,5.58,0.42,13.1,5.25,1.11,125,,,,,,,,,,,,0.161568627,0.085357143,0.058709677,0.027978723,0.076358028,5.497778,0.077,50.20930506,1.384030418,1.757097792,,,6.091603053,18.80952381,163.713 ,130.392 ,100.737 ,77.944 ,41.699 ,30.000 ,22.141 ,14.706 ,10.315 ,8.127 ,7.009 ,6.667 ,6.059 ,5.512 
DG041,West,Late J,69.1,0.35,15.59,2.31,1.08,0.03,0.76,0.81,4.45,4.39,0.17,1.22,100.26,,,,,27.8,6.7,,8.8,5.09,6.67,103.86,,,125.17,283.37,10.71,161.02,10.77,,1105.01,43.66,80.39,8.47,29.24,4.52,1.06,3.52,0.44,2.2,0.4,1.12,0.17,1.09,0.17,4.23,0.79,30.2,5.24,,131,,,,,,,,,,,,0.152843137,0.014464286,0.071774194,0.046702128,0.043868583,3.158538,0.019,30.22177214,1.013667426,1.771929825,,,2.66192053,13.63291139,184.219 ,131.356 ,89.158 ,62.612 ,29.542 ,18.276 ,17.129 ,11.765 ,8.661 ,7.067 ,6.767 ,6.667 ,6.412 ,6.693 
1663,West,Late J,61.32,0.68,15.62,2.42,3.72,0.1,3.17,4.37,4.32,2.71,0.24,1.08,99.74,,,,,97.24,131.53,,16.43,54.13,5.38,58.62,,,55.62,804.56,12.45,139.99,6.05,,885.34,39.62,76.46,9.06,33.02,5.78,1.29,3.8,0.5,2.59,0.48,1.22,0.2,1.35,0.18,4.91,0.54,28.54,,,131,,,,,,,,,,,,0.153137255,0.078035714,0.069677419,0.028829787,0.081909944,5.897516,0.07925,49.17475014,1.594095941,1.776744186,,,2.679046952,11.2037037,167.173 ,124.935 ,95.368 ,70.707 ,37.778 ,22.241 ,18.491 ,13.369 ,10.197 ,8.481 ,7.372 ,7.843 ,7.941 ,7.087 
1107-978,West,Late J,68.54,0.36,15.08,2.3,1.1,0.07,0.67,1.65,5.1,3.73,0.12,2.39,97.62,,,3.09,,32.6,2.55,,3.76,2.35,12.9,74.1,15.6,,109,717,13,179,10.9,2.49,1028,33.2,62.8,7.55,27,4.2,1.59,3.45,0.44,2.49,0.45,1.45,0.19,1.24,0.22,5.91,1.05,28.2,10.8,2.98,128,,,,,,,,,,,,0.147843137,0.029464286,0.082258065,0.039680851,0.044021389,3.16954,0.01675,27.56231231,1.367292225,1.77992278,,,2.226950355,10.38095238,140.084 ,102.614 ,79.474 ,57.816 ,27.451 ,27.414 ,16.788 ,11.765 ,9.803 ,7.951 ,8.761 ,7.451 ,7.294 ,8.661 
903-1273.3,West,Late J,66.38,0.49,15.74,3.13,1.5,0.08,1.03,2.16,5.02,3.61,0.19,2.17,97.83,,,2.79,,51.4,3.25,,6.21,3.84,13.5,89.5,16.5,,62,475,9.85,228,9.92,2.31,1279,24.8,53,6.58,22.8,4.01,1.93,3.61,0.48,2.24,0.43,1.27,0.19,1.29,0.21,6.38,0.79,22.1,6.8,3,128,0.5475,0.706466,,0.705431,0.1,0.512581,,0.884,0.53,,,0.154313725,0.038571429,0.080967742,0.038404255,0.059949639,4.316374,0.02575,30.04680105,1.390581717,1.81875,,,2.398190045,12.55696203,104.641 ,86.601 ,69.263 ,48.822 ,26.209 ,33.276 ,17.567 ,12.834 ,8.819 ,7.597 ,7.674 ,7.451 ,7.588 ,8.268 
A2-1,West,Mid J,71.3,0.37,14.72,0.27,1.68,0.01,0.72,2.08,4.31,3.96,0.12,0.62,100.16,,,,,,,,,,,,,,90.6,521,11.1,124,7.12,,720,23.6,45.1,5.59,19.9,3.75,0.87,2.89,0.41,2.1,0.41,1.1,0.16,1.08,0.17,3.92,0.69,,7.31,3.32,138.7,,,,,,,,,,,,0.144313725,0.037142857,0.069516129,0.04212766,0.026707583,1.922946,0.018,40.26162601,1.088383838,1.830578512,,,#DIV/0!,10.31884058,99.578 ,73.693 ,58.842 ,42.612 ,24.510 ,15.000 ,14.063 ,10.963 ,8.268 ,7.244 ,6.647 ,6.275 ,6.353 ,6.693 
A2-3,West,Mid J,70.95,0.38,14.88,0.51,1.81,0.03,0.83,2.01,4.38,3.85,0.12,0.58,100.33,,,,,,,,,,,,,,85.2,511,10.6,135,6.63,,780,20.2,38.7,4.85,17.4,3.4,0.85,2.65,0.37,1.93,0.38,1.04,0.16,1.04,0.17,4.22,0.65,,7.28,3.44,138.7,,,,,,,,,,,,0.145882353,0.035892857,0.070645161,0.040957447,0.031512472,2.268898,0.02075,39.70344134,1.137662338,1.830769231,,,#DIV/0!,10.2,85.232 ,63.235 ,51.053 ,37.259 ,22.222 ,14.655 ,12.895 ,9.893 ,7.598 ,6.714 ,6.284 ,6.275 ,6.118 ,6.693 
A2-5,West,Mid J,71.72,0.39,14.7,0.22,1.41,0.02,0.78,2.24,4.25,3.92,0.13,0.5,100.28,,,,,,,,,,,,,,90.2,557,9.06,156,5.66,,678,22.6,43.6,5.5,19.3,3.66,0.93,2.74,0.36,1.82,0.34,0.89,0.13,0.87,0.14,4.41,0.46,,5.91,2.37,138.7,,,,,,,,,,,,0.144117647,0.04,0.068548387,0.041702128,0.022332722,1.607956,0.0195,46.61422677,1.084183673,1.844036697,,,#DIV/0!,12.30434783,95.359 ,71.242 ,57.895 ,41.328 ,23.922 ,16.034 ,13.333 ,9.626 ,7.165 ,6.007 ,5.378 ,5.098 ,5.118 ,5.512 
A2-6,West,Mid J,70.51,0.41,15.21,0.47,1.7,0.02,0.82,2.39,4.54,3.52,0.14,0.54,100.27,,,,,,,,,,,,,,80.6,617,9.02,165,5.68,,739,20.6,40.9,5.22,18.4,3.56,0.96,2.71,0.36,1.82,0.35,0.93,0.13,0.89,0.14,4.75,0.47,,5.75,2.4,138.7,,,,,,,,,,,,0.149117647,0.042678571,0.073225806,0.037446809,0.029484806,2.122906,0.0205,41.01246323,1.289772727,1.847826087,,,#DIV/0!,12.08510638,86.920 ,66.830 ,54.947 ,39.400 ,23.268 ,16.552 ,13.187 ,9.626 ,7.165 ,6.184 ,5.619 ,5.098 ,5.235 ,5.512 
A2-8,West,Mid J,70.53,0.4,14.91,0.12,1.99,0.02,0.82,2.3,4.31,3.96,0.13,0.58,100.07,,,,,,,,,,,,,,97,598,8.68,156,5.77,,708,19.4,37.5,4.74,17.2,3.35,0.91,2.51,0.35,1.72,0.32,0.84,0.12,0.82,0.13,4.5,0.46,,5.5,2.28,138.7,,,,,,,,,,,,0.146176471,0.041071429,0.069516129,0.04212766,0.029138556,2.097976,0.0205,41.29854258,1.088383838,1.876,,,#DIV/0!,12.54347826,81.857 ,61.275 ,49.895 ,36.831 ,21.895 ,15.690 ,12.214 ,9.358 ,6.772 ,5.654 ,5.076 ,4.706 ,4.824 ,5.118 
A5-1,West,Mid J,70.73,0.39,14.95,0.1,2.08,0.03,0.78,2.12,4.87,3.34,0.13,0.76,100.28,,,,,,,,,,,,,,87,594,8.72,126,5.88,,636,23.2,43.1,5.24,18.2,3.38,0.86,2.5,0.34,1.72,0.32,0.83,0.13,0.83,0.13,3.91,0.48,,7.63,2.81,138.7,,,,,,,,,,,,0.146568627,0.037857143,0.078548387,0.035531915,0.030138611,2.16998,0.0195,39.28393556,1.458083832,1.881226054,,,#DIV/0!,12.25,97.890 ,70.425 ,55.158 ,38.972 ,22.092 ,14.828 ,12.165 ,9.091 ,6.772 ,5.654 ,5.015 ,5.098 ,4.882 ,5.118 
A5-2,West,Mid J,71.23,0.37,14.58,0.48,1.51,0.03,0.68,2.11,4.4,3.77,0.12,0.6,99.89,,,,,,,,,,,,,,98.3,525,8.46,132,5.86,,642,23.5,42.1,5.14,18,3.28,0.83,2.47,0.33,1.7,0.31,0.83,0.12,0.81,0.13,4.16,0.49,,7.53,2.95,138.7,,,,,,,,,,,,0.142941176,0.037678571,0.070967742,0.040106383,0.026970889,1.941904,0.017,38.661943,1.167108753,1.899543379,,,#DIV/0!,11.95918367,99.156 ,68.791 ,54.105 ,38.544 ,21.438 ,14.310 ,12.019 ,8.824 ,6.693 ,5.477 ,5.015 ,4.706 ,4.765 ,5.118 
A5-3,West,Mid J,71.49,0.44,13.74,0.5,1.87,0.02,0.86,1.92,4.24,3.19,0.14,1.34,99.75,,,,,,,,,,,,,,56.7,623,9.53,149,5.62,,661,22.3,44.9,5.69,20.2,3.8,0.93,2.73,0.37,1.83,0.35,0.93,0.14,0.89,0.14,4.46,0.45,,5.66,2.29,138.7,,,,,,,,,,,,0.134705882,0.034285714,0.068387097,0.03393617,0.032220833,2.3199,0.0215,40.02171721,1.329153605,1.910447761,,,#DIV/0!,12.48888889,94.093 ,73.366 ,59.895 ,43.255 ,24.837 ,16.034 ,13.285 ,9.893 ,7.205 ,6.184 ,5.619 ,5.490 ,5.235 ,5.512 
HSG02,West,Mid J,68.6,0.48,15.14,3.34,,0.05,1.14,3.03,4.11,3.48,0.13,0.52,100.02,,,5.16,3202,53.86,,,,,,,17.21,,143.4,406.6,13.19,117.8,8.6,,442.2,15.8,29.78,3.69,13.51,2.73,0.68,2.48,0.36,2.02,0.38,1.18,0.19,1.27,0.19,2.71,0.84,9.41,10.51,5.07,137.6,0.996,0.706894,,0.70494,0.1281,0.512633,,921,1.1,,,0.148431373,0.054107143,0.066290323,0.037021277,0.041740722,3.005332,0.0285,40.57475364,1.181034483,1.952542373,,,3.164718385,10.23809524,66.667 ,48.660 ,38.842 ,28.929 ,17.843 ,11.724 ,12.068 ,9.626 ,7.953 ,6.714 ,7.130 ,7.451 ,7.471 ,7.480 
HSG03,West,Mid J,70.77,0.43,14.18,3.13,,0.06,1.11,2.62,3.57,3.3,0.12,0.43,99.72,,,5.33,3086,51.88,,,,,,,16.62,,143.1,374.8,14.18,120.8,8.72,,434.6,21.14,39.02,4.64,16.28,3.08,0.65,2.7,0.38,2.16,0.41,1.27,0.2,1.38,0.21,2.8,0.84,9.5,14.16,4.86,137.6,1.078,0.707063,,0.70495,0.1199,0.512609,,879,0.8,,,0.139019608,0.046785714,0.057580645,0.035106383,0.039116306,2.816374,0.02775,41.50072263,1.081818182,1.953488372,,,4.107368421,10.38095238,89.198 ,63.758 ,48.842 ,34.861 ,20.131 ,11.207 ,13.139 ,10.160 ,8.504 ,7.244 ,7.674 ,7.843 ,8.118 ,8.268 
HSG41,West,Mid J,70.51,0.42,14.03,2.77,,0.04,0.97,2.36,3.98,3.69,0.11,0.83,99.72,,,5.05,2834,48.18,,,,,,,16.64,,153.3,391.6,14.39,135.8,9.65,,441.8,12.88,24.22,3,11.06,2.3,0.65,2.07,0.31,1.78,0.34,1.08,0.18,1.21,0.19,3.28,1.09,9.97,11.35,5.93,137.6,1.106,0.708776,,0.70661,0.132,0.512609,,1009,0.6,,,0.13754902,0.042142857,0.064193548,0.039255319,0.034617306,2.492446,0.02425,41.1943434,1.078590786,2.005434783,,,2.429287864,8.853211009,54.346 ,39.575 ,31.579 ,23.683 ,15.033 ,11.207 ,10.073 ,8.289 ,7.008 ,6.007 ,6.526 ,7.059 ,7.118 ,7.480 
HSG43,West,Mid J,70.65,0.37,14.48,2.52,,0.05,0.85,2.56,4.07,3.54,0.1,0.53,99.72,,,4.16,2360,38.8,,,,,,,16.72,,138.5,380.2,12.44,100.9,7.93,,428,17.06,31.58,3.78,13.31,2.6,0.65,2.29,0.33,1.87,0.35,1.1,0.18,1.23,0.18,2.38,0.72,10.33,11.59,4.23,137.6,1.029,0.70945,,0.70743,0.1237,0.512583,,960,0.2,,,0.141960784,0.045714286,0.065645161,0.037659574,0.031493,2.267496,0.02125,40.28970669,1.149717514,2.061904762,,,3.057115198,11.01388889,71.983 ,51.601 ,39.789 ,28.501 ,16.993 ,11.207 ,11.144 ,8.824 ,7.362 ,6.184 ,6.647 ,7.059 ,7.235 ,7.087 
HSG45,West,Mid J,72.57,0.33,13.46,2.36,,0.04,0.74,2.09,3.61,3.62,0.09,0.79,99.71,,,4.09,2218,36.94,,,,,,,16.05,,154.8,336.3,12.23,89,8.55,,411.1,15.6,28.07,3.31,11.54,2.34,0.59,2.11,0.31,1.8,0.35,1.07,0.18,1.19,0.18,2.28,0.89,11.22,11.53,5.06,137.6,1.3,0.707041,,0.70449,0.1287,0.512619,,952,0.8,,,0.131960784,0.037321429,0.058225806,0.038510638,0.029493444,2.123528,0.0185,38.54693118,0.997237569,2.069565217,,,2.501782531,9.606741573,65.823 ,45.866 ,34.842 ,24.711 ,15.294 ,10.172 ,10.268 ,8.289 ,7.087 ,6.184 ,6.465 ,7.059 ,7.000 ,7.087 
HSG47,West,Mid J,71.46,0.36,13.86,2.62,,0.04,0.86,2.4,3.85,3.39,0.1,0.76,99.71,,,4.41,2380,38.96,,,,,,,16.72,,139.8,364.8,13.23,89.2,8.51,,398.2,15.64,28.64,3.44,12.37,2.55,0.62,2.32,0.35,1.97,0.37,1.17,0.19,1.3,0.2,2.31,0.85,10.43,11.69,4.7,137.6,1.083,0.709454,,0.70733,0.1309,0.512593,,1026,0.3,,,0.135882353,0.042857143,0.062096774,0.03606383,0.032742722,2.357476,0.0215,39.63665377,1.135693215,2.078175896,,,2.745925216,10.01176471,65.992 ,46.797 ,36.211 ,26.488 ,16.667 ,10.690 ,11.290 ,9.358 ,7.756 ,6.537 ,7.069 ,7.451 ,7.647 ,7.874 
SDQ1411,West,Early K,65.05,0.53,15.44,4.23,,0.07,2.1,3.45,4.16,3.14,0.15,0.9,99.22,,,9.04,,84.3,51.1,,11.1,18.7,4.41,40.5,18.8,,86.7,651,12.8,149,8.33,1.33,764,25.8,50.6,5.6,20.9,3.73,0.93,2.89,0.4,2.27,0.42,1.19,0.17,1.12,0.18,3.94,0.73,16.2,11.3,4.12,124,,,,,,,,,,,,0.151372549,0.061607143,0.067096774,0.033404255,0.05286325,3.806154,0.0525,49.82762016,1.324840764,2.138643068,,,3.12345679,11.4109589,108.861 ,82.680 ,58.947 ,44.754 ,24.379 ,16.034 ,14.063 ,10.695 ,8.937 ,7.420 ,7.190 ,6.667 ,6.588 ,7.087 
SDP1401,West,Early K,62.45,0.67,16.62,4.91,,0.05,1.78,2.71,5.21,1.28,0.21,4.3,95.62,,,11.8,,108,49.6,,8.81,20.5,20.7,46.5,16.4,,37.4,891,12.8,157,5.73,4.64,277,26.2,48.1,5.7,22.1,4.2,1.16,3.09,0.45,2.38,0.47,1.28,0.18,1.17,0.18,3.85,0.35,13.4,6.16,1.42,121,0.1251,0.705053,,0.70484,0.1149,0.51262,,0.82,0.9,,,0.162941176,0.048392857,0.084032258,0.013617021,0.061361361,4.418018,0.0445,42.0361117,4.0703125,2.171428571,,,3.589552239,16.37142857,110.549 ,78.595 ,60.000 ,47.323 ,27.451 ,20.000 ,15.036 ,12.032 ,9.370 ,8.304 ,7.734 ,7.059 ,6.882 ,7.087 
SDP1402,West,Early K,63.66,0.63,15.11,5.26,,0.06,2.26,2.72,5.06,0.75,0.13,3.73,95.35,,,12,,111,66.6,,11.4,21.8,22.7,39.6,14.2,,21.1,792,10.3,137,4.82,3.69,265,30.8,48.8,5.56,20,3.23,0.86,2.41,0.33,1.88,0.38,1.05,0.16,1.02,0.17,3.42,0.3,22.7,4.76,1.2,121,0.0795,0.704936,,0.7048,0.0975,0.51263,,0.69,1.3,,,0.148137255,0.048571429,0.081612903,0.007978723,0.065735389,4.732948,0.0565,46.22229333,6.746666667,2.193717277,,,2.149779736,16.06666667,129.958 ,79.739 ,58.526 ,42.827 ,21.111 ,14.828 ,11.727 ,8.824 ,7.402 ,6.714 ,6.344 ,6.275 ,6.000 ,6.693 
SDP1404,West,Early K,56.38,0.65,17.23,5.22,,0.09,2.55,5.22,3.44,1.52,0.28,6.68,92.26,,,10.1,,94.2,37,,11.9,15.1,17.6,67.8,18.6,,47.6,631,13.3,166,6,9.35,758,24.6,48.8,5.86,22.7,4.25,1.14,3.28,0.46,2.52,0.47,1.35,0.18,1.17,0.16,3.97,0.34,12.8,5.22,1.23,121,0.2252,0.705194,,0.70481,0.1132,0.51264,,0.78,1.2,,,0.168921569,0.093214286,0.055483871,0.016170213,0.0652355,4.696956,0.06375,49.42416008,2.263157895,2.229591837,,,3.8125,17.64705882,103.797 ,79.739 ,61.684 ,48.608 ,27.778 ,19.655 ,15.961 ,12.299 ,9.921 ,8.304 ,8.157 ,7.059 ,6.882 ,6.299 
SDP1405,West,Early K,59.59,0.65,17.47,5.74,,0.15,2.37,5.06,4.16,2.19,0.25,1.68,97.28,,,10.8,,102,38.3,,14.8,17,22.6,77,20.7,,41.7,939,14.4,170,6.19,1.18,768,23.9,49.1,5.81,23,4.43,1.11,3.39,0.48,2.59,0.48,1.44,0.19,1.27,0.18,4.1,0.35,14.9,5.36,1.34,,,,,,,,,,,,,0.17127451,0.090357143,0.067096774,0.023297872,0.071734056,5.164852,0.05925,45.23451328,1.899543379,2.263157895,,,3.295302013,17.68571429,100.844 ,80.229 ,61.158 ,49.251 ,28.954 ,19.138 ,16.496 ,12.834 ,10.197 ,8.481 ,8.701 ,7.451 ,7.471 ,7.087 
SDP1414B,West,Early K,62.76,0.6,17.34,4.88,,0.07,1.05,2.78,4.83,3.25,0.26,1.51,97.57,,,7.67,,88.9,13.9,,7.48,9.13,7.11,85.1,21.6,,88.9,1031,15.8,201,8.16,1.64,998,33,59.6,6.99,26.8,4.95,1.21,3.61,0.48,2.73,0.5,1.43,0.21,1.33,0.21,4.96,0.54,18.9,10.4,2.11,123,0.257,0.705362,,0.70491,0.1118,0.51266,,0.73,1.8,,,0.17,0.049642857,0.077903226,0.034574468,0.060986444,4.391024,0.02625,30.0906349,1.486153846,2.625698324,,,3.153439153,15.11111111,139.241 ,97.386 ,73.579 ,57.388 ,32.353 ,20.862 ,17.567 ,12.834 ,10.748 ,8.834 ,8.640 ,8.235 ,7.824 ,8.268 
SDP1416,West,Early K,56.82,0.78,17.38,5.71,,0.14,2.55,6.79,3.86,1.24,0.24,3.86,95.16,,,14.5,,126,107,17.1,38.3,36.3,79.4,20,,,23.7,1047,14.1,150,5.42,1.33,606,22.9,47.4,5.64,22.7,4.23,1.26,3.52,0.45,2.62,0.51,1.34,0.19,1.34,0.21,3.7,0.33,15.8,5.7,1.5,,,,,,,,,,,,,0.170392157,0.12125,0.062258065,0.013191489,0.071359139,5.137858,0.06375,47.18407691,3.112903226,2.719745223,,,3,16.42424242,96.624 ,77.451 ,59.368 ,48.608 ,27.647 ,21.724 ,17.129 ,12.032 ,10.315 ,9.011 ,8.097 ,7.451 ,7.882 ,8.268 
SDP1424,West,Early K,56.92,0.78,18.14,5.5,,0.08,2.19,4.22,4.61,2.59,0.24,3.98,94.96,,,11.3,,119,8.41,11.2,6.5,38.4,44.8,17.6,,,66.2,891,13.4,123,4.48,9.19,618,18.1,39,4.8,19.1,3.86,1.04,3.07,0.43,2.37,0.45,1.32,0.18,1.18,0.18,3.23,0.26,14.7,3.66,1.24,121,0.2213,0.705276,,0.70489,0.1223,0.51265,,0.84,1.4,,,0.177843137,0.075357143,0.074354839,0.027553191,0.068734722,4.9489,0.05475,44.33746865,1.77992278,2.864485981,,,2.653061224,17.23076923,76.371 ,63.725 ,50.526 ,40.899 ,25.229 ,17.931 ,14.939 ,11.497 ,9.331 ,7.951 ,7.976 ,7.059 ,6.941 ,7.087 
SDP1425,West,Early K,57.42,0.64,16.92,5.73,,0.09,2.1,4.21,4.85,3.1,0.29,4.18,95.04,,,8.82,,95.5,2.29,11.2,2.23,10.8,70.3,18.1,,,84.8,846,13.4,146,5.41,4.4,791,21.5,45.2,5.47,21.1,4.21,1.13,3.15,0.44,2.53,0.46,1.3,0.19,1.23,0.2,3.49,0.3,10.8,4.22,1.18,,,,,,,,,,,,,0.165882353,0.075178571,0.078225806,0.032978723,0.071609083,5.155854,0.0525,42.30149687,1.564516129,2.875776398,,,4.185185185,18.03333333,90.717 ,73.856 ,57.579 ,45.182 ,27.516 ,19.483 ,15.328 ,11.765 ,9.961 ,8.127 ,7.855 ,7.451 ,7.235 ,7.874 
SDP1431,West,Early K,61.35,0.55,15.24,4.42,,0.07,2.5,3.63,4.09,2.46,0.17,4.85,94.24,,,10,,87.9,59.6,12.6,21.7,16.4,57,17.8,,,66.5,599,11.5,134,6.73,8.17,648,23.6,47.7,5.26,19.5,3.6,0.95,2.84,0.4,2.12,0.4,1.06,0.14,1.09,0.15,3.5,0.53,13.8,9.94,1.97,120,0.3314,0.705412,,0.70485,0.1118,0.51261,,0.81,0.7,,,0.149411765,0.064821429,0.065967742,0.026170213,0.055237722,3.977116,0.0625,53.08409133,1.662601626,2.901840491,,,3.456521739,12.69811321,99.578 ,77.941 ,55.368 ,41.756 ,23.529 ,16.379 ,13.820 ,10.695 ,8.346 ,7.067 ,6.405 ,5.490 ,6.412 ,5.906 
SDP1418,West,Early K,57.94,0.96,16.27,6.79,,0.08,2.3,3.61,4.27,1.57,0.54,5.19,99.53,,,12.6,,127,50.7,,14.4,29.7,20.6,90.6,20.1,,42.7,861,15.8,212,10.1,5.62,419,37.9,81.6,9.73,38.6,7.16,1.76,4.9,0.61,3.15,0.57,1.53,0.19,1.24,0.19,4.81,0.53,10.5,5.68,1.22,,,,,,,,,,,,,0.159509804,0.064464286,0.068870968,0.016702128,0.084856139,6.109642,0.0575,40.39165465,2.719745223,2.99375,,,7.771428571,19.05660377,159.916 ,133.333 ,102.421 ,82.655 ,46.797 ,30.345 ,23.844 ,16.310 ,12.402 ,10.071 ,9.245 ,7.451 ,7.294 ,7.480 
SDP1420,West,Early K,59.26,0.66,17.52,5.72,,0.08,2.37,4.62,4.2,2.15,0.27,2.58,99.43,,,11.1,,106,41.2,,14.1,16.3,19.3,80.4,20.8,,48.5,890,15.1,175,6.45,1.78,752,25.2,54.8,6.47,25.1,4.93,1.2,3.72,0.51,2.8,0.52,1.46,0.19,1.3,0.2,4.3,0.37,14.5,5.53,1.39,121,0.1624,0.705013,,0.70473,0.1186,0.51264,,0.83,1.2,,,0.171764706,0.0825,0.067741935,0.02287234,0.071484111,5.146856,0.05925,45.32099503,1.953488372,3,,,3.779310345,17.43243243,106.329 ,89.542 ,68.105 ,53.747 ,32.222 ,20.690 ,18.102 ,13.636 ,11.024 ,9.187 ,8.822 ,7.451 ,7.647 ,7.874 
SDP1421,West,Early K,58.85,0.66,17.49,5.67,,0.09,1.66,4.22,4.43,2.42,0.26,3.74,99.48,,,10.6,,100,37.9,,11.6,15.1,21.1,78.7,19.8,,57.2,838,14.5,166,6.08,4.74,737,23.6,49.3,5.98,23.5,4.57,1.24,3.59,0.47,2.68,0.5,1.35,0.2,1.33,0.18,3.98,0.35,15,5.2,1.26,,,,,,,,,,,,,0.171470588,0.075357143,0.071451613,0.025744681,0.07085925,5.101866,0.0415,36.9350988,1.830578512,3.112903226,,,3.286666667,17.37142857,99.578 ,80.556 ,62.947 ,50.321 ,29.869 ,21.379 ,17.470 ,12.567 ,10.551 ,8.834 ,8.157 ,7.843 ,7.824 ,7.087 
SDP1426,West,Early K,57.75,0.74,16.55,5.47,,0.14,3.03,5.95,3.84,2.01,0.25,3.83,99.56,,,13.6,,113,148,,17.9,47.7,13.6,71.7,19.8,,40.7,974,11.9,146,5.32,0.89,916,25.6,48.4,5.65,21.7,4.02,1.11,3.05,0.42,2.31,0.42,1.14,0.16,1.03,0.15,3.57,0.36,17.2,5.95,1.54,121,0.1245,0.705047,,0.70483,0.1121,0.51265,,0.75,1.6,,,0.162254902,0.10625,0.061935484,0.021382979,0.068359806,4.921906,0.07575,52.56408452,1.910447761,3.954545455,,,2.813953488,14.77777778,108.017 ,79.085 ,59.474 ,46.467 ,26.275 ,19.138 ,14.842 ,11.230 ,9.094 ,7.420 ,6.888 ,6.275 ,6.059 ,5.906 
SDP1428,West,Early K,61.82,0.72,16.28,4.83,,0.12,2.76,2.41,4.21,2.7,0.3,3.17,99.32,,,11,,104,49.2,,9.37,17.1,20.9,136,21.4,,68,673,14.8,185,8.71,3.27,949,33.8,64.5,7.35,27.8,5.02,1.27,3.8,0.51,2.85,0.5,1.37,0.19,1.23,0.18,4.58,0.58,63.9,9.34,2.24,121,0.3013,0.705575,,0.70506,0.1092,0.51259,,0.82,0.3,,,0.159607843,0.043035714,0.067903226,0.028723404,0.060361583,4.346034,0.069,53.33886477,1.559259259,4.0703125,,,1.009389671,15.01724138,142.616 ,105.392 ,77.368 ,59.529 ,32.810 ,21.897 ,18.491 ,13.636 ,11.220 ,8.834 ,8.278 ,7.451 ,7.235 ,7.087 
SDP1429,West,Early K,59.98,0.71,17.94,4.73,,0.12,1.89,2.01,4.91,2.61,0.3,4.21,99.41,,,9.23,,91.7,52.8,,12.7,18.9,18.9,138,22.2,,87.8,742,14.5,191,8.83,5.04,384,36.2,67.3,7.67,28.6,5.17,1.33,3.77,0.53,2.82,0.48,1.34,0.2,1.37,0.19,4.82,0.58,18.2,10.4,2.73,120,0.353,0.705545,,0.70494,0.1092,0.51261,,0.79,0.8,,,0.175882353,0.035892857,0.079193548,0.027765957,0.059111861,4.256054,0.04725,44.42381837,1.881226054,6.746666667,,,3.697802198,15.22413793,152.743 ,109.967 ,80.737 ,61.242 ,33.791 ,22.931 ,18.345 ,14.171 ,11.102 ,8.481 ,8.097 ,7.843 ,8.059 ,7.480 
SDP1407,West,Early K,79.71,0.82,12.64,0.2,,<0.001,<0.01,0.11,<0.03,0.03,0.29,5.58,99.38,,,7.06,,95.1,21.3,,0.075,0.22,1.19,1.92,23.7,,0.29,1723,7.73,239,9.88,0.078,728,33.4,66.1,7.13,25,3.41,0.71,2.04,0.29,1.5,0.28,0.89,0.12,0.93,0.14,5.65,0.62,333,8.95,2.53,,,,,,,,,,,,,0.123921569,0.001964286,#VALUE!,0.000319149,0.002499444,0.17996,#VALUE!,#VALUE!,#VALUE!,#DIV/0!,,,0.198498498,15.93548387,140.928 ,108.007 ,75.053 ,53.533 ,22.288 ,12.241 ,9.927 ,7.754 ,5.906 ,4.947 ,5.378 ,4.706 ,5.471 ,5.512 
SDP1408,West,Early K,68.65,0.6,15.08,4.86,,<0.001,0.01,0.13,0.09,0.8,0.43,9.35,99.99,,,7.57,,101,39.9,,0.21,0.43,4.39,4.56,22.7,,1.12,2146,7.24,159,8.47,0.11,748,35.5,69.9,7.62,27.3,4.55,1.06,2.8,0.31,1.48,0.26,0.79,0.13,0.84,0.13,4.02,0.57,52.2,10.6,2.58,,,,,,,,,,,,,0.147843137,0.002321429,0.001451613,0.008510638,0.0607365,4.373028,0.00025,0.409926787,0.1125,#DIV/0!,,,1.33908046,14.85964912,149.789 ,114.216 ,80.211 ,58.458 ,29.739 ,18.276 ,13.625 ,8.289 ,5.827 ,4.594 ,4.773 ,5.098 ,4.941 ,5.118 
SDP1410,West,Early K,81.57,0.65,11.66,0.11,,<0.001,<0.01,0.1,<0.03,0.01,0.33,4.86,99.28,,,5.92,,51,27.2,,0.16,0.3,2.67,1.83,20.6,,0.56,1241,10.1,177,8.87,0.11,478,37.9,73.6,8.14,30.5,5.28,1.14,3.21,0.38,1.94,0.36,1.05,0.16,1.07,0.16,4.54,0.59,68.4,11.1,2.37,,,,,,,,,,,,,0.114313725,0.001785714,#VALUE!,0.000106383,0.001374694,0.098978,#VALUE!,#VALUE!,#VALUE!,#DIV/0!,,,1.076023392,15.03389831,159.916 ,120.261 ,85.684 ,65.310 ,34.510 ,19.655 ,15.620 ,10.160 ,7.638 ,6.360 ,6.344 ,6.275 ,6.294 ,6.299 
SDP1412,West,Early K,64.27,0.78,19.62,5.36,,<0.001,0.01,0.06,<0.03,0.27,0.27,8.65,99.29,,,9.52,,100,58.3,,0.4,0.49,2.78,2.96,24.6,,0.49,864,9.93,220,10.8,0.032,552,39.5,78,8.85,34,6.52,1.45,3.97,0.48,2.28,0.39,1.17,0.17,1.26,0.19,5.58,0.75,35,13.1,3.94,,,,,,,,,,,,,0.192352941,0.001071429,#VALUE!,0.00287234,0.066985111,4.822928,0.00025,0.371829534,#VALUE!,#DIV/0!,,,2.228571429,14.4,166.667 ,127.451 ,93.158 ,72.805 ,42.614 ,25.000 ,19.319 ,12.834 ,8.976 ,6.890 ,7.069 ,6.667 ,7.412 ,7.480 
SDQ1424,West,Early K,76.84,0.13,12.43,0.94,,0.02,0.22,0.3,2.96,4.82,0.01,0.94,99.61,,,2.2,,11.4,2.31,,1.35,0.89,1.11,13.8,13.2,,166,224,6.15,84.3,8.84,3,874,28.7,47,4.68,14.2,1.88,0.31,1.3,0.18,1.01,0.19,0.56,0.09,0.61,0.099,2.86,0.89,17.7,19.8,2.17,,,,,,,,,,,,,0.121862745,0.005357143,0.047741935,0.051276596,0.011747389,0.845812,0.0055,31.88888495,0.614107884,,,,2.655367232,9.93258427,121.097 ,76.797 ,49.263 ,30.407 ,12.288 ,5.345 ,6.326 ,4.813 ,3.976 ,3.357 ,3.384 ,3.529 ,3.588 ,3.898 
SL0917,Middle,Mid K,74.05,0.28,13.43,1.61,,0.01,0.39,1.27,3.42,4.92,0.08,0.49,99.96,,,1.84,,22,67,7.6,7.6,4.9,5.3,25,13.9,,96,257,10.3,111,11.8,1.29,494,24,41,4.6,17.67,2.86,0.55,2.3,0.33,1.87,0.36,1.14,0.18,1.33,0.21,3.6,0.94,21,7.96,2.7,113,,,,,0.0978,0.512664,,0.507,2,,,0.131666667,0.022678571,0.05516129,0.052340426,0.020120528,1.448678,0.00975,32.64086953,0.695121951,,,,1.952380952,12.55319149,101.266 ,66.993 ,48.421 ,37.837 ,18.693 ,9.483 ,11.192 ,8.824 ,7.362 ,6.360 ,6.888 ,7.059 ,7.824 ,8.268 
PM10-39-1,Middle,Mid K,70.14,0.43,17.32,2.03,0.07,0.03,0.08,0.42,0.35,2.82,0.15,5.79,99.63,,,,,,,,,,,,,,104,308,9.1,136,7.7,5.12,407.93,19.4,35.7,4.23,15.8,2.87,0.78,2.45,0.35,1.77,0.31,0.82,0.13,0.8,0.12,4.36,0.66,,6.2,2.42,113.2,,,,,,,,,,,,0.169803922,0.0075,0.005645161,0.03,0.026341583,1.896594,0.002,7.056768764,0.124113475,,,,#DIV/0!,11.66666667,81.857 ,58.333 ,44.526 ,33.833 ,18.758 ,13.448 ,11.922 ,9.358 ,6.969 ,5.477 ,4.955 ,5.098 ,4.706 ,4.724 
Tr146,Middle,Mid K,66.08,0.44,14.53,1.75,1.29,0.04,3.02,1.44,4.5,4.01,0.04,2.58,99.79,,,,,,71,,,35.5,,,,,84.5,671.68,11.48,190,11,,1030,26.4,47.65,4.65,19.86,3.44,0.87,2.6,0.34,2.3,0.38,1.18,0.16,1.07,0.14,,,27.98,18,1.94,129,0.36,0.705233,,0.70448,0.1211,0.512666,,0.6,2,,,0.14245098,0.025714286,0.072580645,0.042659574,0.039786806,2.86465,0.0755,65.48884726,1.122194514,,,,1.703002144,#DIV/0!,111.392 ,77.859 ,48.947 ,42.527 ,22.484 ,15.000 ,12.652 ,9.091 ,9.055 ,6.714 ,7.130 ,6.275 ,6.294 ,5.512 
Ta147,Middle,Early K,61.78,0.57,16,2.76,1.73,0.09,4.07,3.08,4.85,2.52,0.04,2.3,100.43,,,,,,280,,,100,,,,,76.9,685.57,9.76,130,10,,900,22.76,43.1,3.89,17.06,3.35,0.82,1.95,0.24,1.73,0.29,0.89,0.11,0.79,0.1,,,34.22,22,2.18,129,0.32,0.705542,,0.70486,0.1133,0.512612,,0.7,1,,,0.156862745,0.055,0.078225806,0.026808511,0.058520111,4.213448,0.10175,63.48657232,1.924603175,,,,1.25949737,#DIV/0!,96.034 ,70.425 ,40.947 ,36.531 ,21.895 ,14.138 ,9.489 ,6.417 ,6.811 ,5.124 ,5.378 ,4.314 ,4.647 ,3.937 
An157,Middle,Early K,60.72,0.72,15.41,2.04,3.24,0.06,3.34,3.81,4.74,0.77,0.18,5.4,100.23,,,,,,135,,,69,,,,,15.2,527.79,8.98,150,11,,270,9.79,17.91,3.18,10.6,2.35,0.57,1.97,0.52,1.58,0.45,1,0.23,0.92,0.17,,,19.63,45,0.43,129,0.08,0.703562,,0.70338,0.1369,0.512848,,0.4,5.3,,,0.151078431,0.068035714,0.076451613,0.008191489,0.070494333,5.075592,0.0835,54.22277443,6.155844156,,,,0.912379012,#DIV/0!,41.308 ,29.265 ,33.474 ,22.698 ,15.359 ,9.828 ,9.586 ,13.904 ,6.220 ,7.951 ,6.042 ,9.020 ,5.412 ,6.693 
An156,Middle,Early K,58.24,0.76,15.81,1.34,4.69,0.1,3.49,5.12,4.58,1.33,0.18,4.59,99.88,,,,,,235,,,55,,,,,21.3,1052.7,13.56,160,8.5,,720,19.65,39.4,6.03,19.2,3.83,1,2.89,0.65,2.33,0.59,1.37,0.26,1.29,0.19,,,10.39,9.8,1.12,129,0.06,0.705236,,0.70511,0.1238,0.512614,,0.7,1,,,0.155,0.091428571,0.073870968,0.014148936,0.081885167,5.895732,0.08725,51.58596034,3.443609023,,,,3.792107796,#DIV/0!,82.911 ,64.379 ,63.474 ,41.113 ,25.033 ,17.241 ,14.063 ,17.380 ,9.173 ,10.424 ,8.278 ,10.196 ,7.588 ,7.480 
An153,Middle,Early K,61.9,0.67,17.57,0.6,3.04,0.11,0.54,4.26,4.3,2.49,0.35,4.05,99.85,,,,,,48,,,17.5,,,,,110.9,458.12,12.62,230,18,,880,25.91,40.21,3.7,22.56,3.62,0.82,2.6,0.24,2.48,0.39,1.22,0.08,1.14,0.14,,,7.56,5,2.16,129,0.7,0.706364,,0.70484,0.1124,0.512638,,0.6,1.8,,,0.172254902,0.076071429,0.069354839,0.026489362,0.049720556,3.57988,0.0135,21.35381425,1.726907631,,,,5.318783069,#DIV/0!,109.325 ,65.703 ,38.947 ,48.308 ,23.660 ,14.138 ,12.652 ,6.417 ,9.764 ,6.890 ,7.372 ,3.137 ,6.706 ,5.512 
JY21-1,Middle,Late K,69.04,0.48,15.91,1.67,,0.03,1.01,1.47,3.37,4.53,0.14,1.88,99.52,,,4.3,2371,38.8,20.9,202,48,18.8,13.8,29.5,18.8,,153,327,8.3,155,6.8,8.8,558,18.3,36.5,4.23,15.8,3.17,0.85,2.49,0.35,1.77,0.34,0.81,0.11,0.75,0.11,3.92,0.62,17.3,5.9,2.29,104,1.35,0.7075003,,0.705504,0.1214,0.512623,,0.873,0.72,,,0.155980392,0.02625,0.054354839,0.048191489,0.020870361,1.502666,0.02525,54.74805355,0.74392936,,,,2.10982659,10.96774194,77.215 ,59.641 ,44.526 ,33.833 ,20.719 ,14.655 ,12.117 ,9.358 ,6.969 ,6.007 ,4.894 ,4.314 ,4.412 ,4.331 
JY21-2,Middle,Late K,69.21,0.48,15.94,1.6,,0.03,0.96,1.52,3.43,4.4,0.13,1.83,99.51,,,4.1,2344,42.1,22,179,48.5,20,18,35.3,18.5,,145,322,8.3,150,6.7,8,556,18.9,37.2,4.35,15.8,3.19,0.83,2.44,0.33,1.79,0.34,0.87,0.12,0.76,0.12,3.79,0.62,17.3,6.1,2.25,104,1.3,0.707417,,0.705498,0.1218,0.512631,,0.864,0.85,,,0.15627451,0.027142857,0.055322581,0.046808511,0.019995556,1.43968,0.024,54.55096474,0.779545455,,,,2.150289017,10.80645161,79.747 ,60.784 ,45.789 ,33.833 ,20.850 ,14.310 ,11.873 ,8.824 ,7.047 ,6.007 ,5.257 ,4.706 ,4.471 ,4.724 
JY21-3,Middle,Late K,69.16,0.48,15.92,1.67,,0.03,1,1.47,3.38,4.47,0.13,1.83,99.52,,,4.5,2436,43.9,32,218,48.1,18.6,13.7,30.5,18.9,,161,318,8.4,139,6.8,8.7,560,18.5,36.5,4.25,15.4,3.13,0.84,2.49,0.35,1.72,0.33,0.82,0.12,0.74,0.11,3.59,0.63,17.1,6.1,2.3,104,1.47,0.7075063,,0.705339,0.1229,0.512628,,0.879,0.79,,,0.156078431,0.02625,0.054516129,0.047553191,0.020870361,1.502666,0.025,54.501424,0.756152125,,,,2.134502924,10.79365079,78.059 ,59.641 ,44.737 ,32.976 ,20.458 ,14.483 ,12.117 ,9.358 ,6.772 ,5.830 ,4.955 ,4.706 ,4.353 ,4.331 
LS3-1,Middle,Mid K,63.37,0.71,16.32,4.23,,0.04,2.41,2.4,5,2.72,0.25,2.34,99.8,,,,,,,,8.57,2.24,,,,,62.6,973,16.2,200,12.6,,974,30.9,62.8,7.92,29.1,4.87,1.27,3.76,0.48,2.47,0.44,1.17,0.17,1.16,0.19,4.24,0.8,,5.64,1.5,118.7,,,,,,,,,,,,0.16,0.042857143,0.080645161,0.02893617,0.05286325,3.806154,0.06025,53.26520103,1.838235294,,,,#DIV/0!,15.75,130.380 ,102.614 ,83.368 ,62.313 ,31.830 ,21.897 ,18.297 ,12.834 ,9.724 ,7.774 ,7.069 ,6.667 ,6.824 ,7.480 
LS3-3,Middle,Mid K,62.74,0.61,16.7,3.36,,0.07,1.38,3.35,4.19,4.14,0.2,3.09,99.83,,,,,,,,36.1,0.84,,,,,41.2,492,15.4,212,12.2,,1166,17.1,39.3,4.77,17.9,3.38,0.81,3.01,0.41,2.23,0.43,1.23,0.19,1.26,0.2,4.68,0.86,,3.25,1.3,114,,,,,,,,,,,,0.16372549,0.059821429,0.067580645,0.044042553,0.041990667,3.023328,0.0345,45.10354204,1.012077295,,,,#DIV/0!,14.18604651,72.152 ,64.216 ,50.211 ,38.330 ,22.092 ,13.966 ,14.647 ,10.963 ,8.780 ,7.597 ,7.432 ,7.451 ,7.412 ,7.874 
LS1-1,Middle,Mid K,68.79,0.58,16.21,2.48,,0.01,1.57,1.28,0.22,3.87,0.19,5.09,100.3,,,10.5,,83.93,208.1,,10.57,86.19,29.92,44.13,21.21,,71.46,344.3,9.42,134,4.65,,192,15.25,31.46,4.05,15.18,2.88,0.63,2.36,0.34,1.84,0.36,0.98,0.15,0.96,0.14,3.79,0.31,10.59,6.82,1.86,113,0.6006,0.707007,,0.706025,0.1147,0.512521,,,-1.08,,,0.158921569,0.022857143,0.003548387,0.041170213,0.030993111,2.231504,0.03925,55.87736559,0.056847545,,,,2.970727101,15,64.346 ,51.405 ,42.632 ,32.505 ,18.824 ,10.862 ,11.484 ,9.091 ,7.244 ,6.360 ,5.921 ,5.882 ,5.647 ,5.512 
LS1-2,Middle,Mid K,65.94,0.56,15.71,2.74,,0.02,1.84,2.04,0.59,3.78,0.18,6.07,99.47,,,10.7,,89.43,245.5,,10.62,76.02,32.76,44.32,20.9,,71.68,400.2,9.73,130,4.5,,220,15.76,32,4.07,15.4,2.92,0.68,2.48,0.36,1.94,0.37,1,0.15,0.96,0.14,3.68,0.3,12.23,6.63,1.81,113,0.5183,0.706719,,0.705872,0.1145,0.512514,,,-1.21,,,0.154019608,0.036428571,0.009516129,0.040212766,0.034242389,2.465452,0.046,57.32630924,0.156084656,,,,2.616516762,15,66.498 ,52.288 ,42.842 ,32.976 ,19.085 ,11.724 ,12.068 ,9.626 ,7.638 ,6.537 ,6.042 ,5.882 ,5.647 ,5.512 
05YJ-42,East,Mid K,63.43,0.65,17.22,4.48,2.7,0.07,1.4,4.39,4.08,2.58,0.2,1.02,99.52,,,10,,,32,,7,13,,,,,68.4,483,14,193,5.9,,570,25.14,52.25,6.25,22.95,3.91,1.09,3.39,0.46,2.63,0.5,1.35,0.19,1.3,0.21,4.22,0.4,12.86,4.75,1.25,108,,,,,,,,,,,,0.168823529,0.078392857,0.065806452,0.027446809,0.093487556,6.731104,0.035,27.23999211,1.581395349,,,,4.062986003,14.75,106.076 ,85.376 ,65.789 ,49.143 ,25.556 ,18.793 ,16.496 ,12.299 ,10.354 ,8.834 ,8.157 ,7.451 ,7.647 ,8.268 
05YJ-57,East,Mid K,63.87,0.63,16.78,4.32,3.22,0.07,1.37,4.47,3.74,2.69,0.21,1.37,99.51,,,9,,,39,,8,13,,,,,72.2,508,13.6,201,6.2,,585,26.51,51.86,6.07,23.09,3.9,1.05,3.15,0.44,2.34,0.46,1.3,0.19,1.27,0.21,4.62,0.43,15.65,5.04,1.22,108,,,,,,,,,,,,0.164509804,0.079821429,0.060322581,0.028617021,0.098710222,7.107136,0.03425,25.7595839,1.390334572,,,,3.313738019,14.41860465,111.857 ,84.739 ,63.895 ,49.443 ,25.490 ,18.103 ,15.328 ,11.765 ,9.213 ,8.127 ,7.855 ,7.451 ,7.471 ,8.268 
SF01-1,East,Late K,65,0.39,15.55,3.11,,0.06,1.5,3.36,3.62,1.95,0.12,4.98,99.62,,,7.76,,44.07,10.86,,6.18,6,6.86,48.25,17.53,1.22,52.47,480.25,10.03,118.51,8.81,2.73,569.93,22.83,42.35,4.37,16.22,2.73,0.85,2.6,0.33,1.74,0.32,0.86,0.13,0.87,0.13,3.56,0.84,18.4,5.49,1.99,93.2,,0.70613,±12,0.7057,,0.512603,±8,747,0.53,,,0.15245098,0.06,0.058387097,0.020744681,0.038866361,2.798378,0.0375,49.10539072,1.856410256,,,,2.301630435,10.48809524,96.329 ,69.199 ,46.000 ,34.732 ,17.843 ,14.655 ,12.652 ,8.824 ,6.850 ,5.654 ,5.196 ,5.098 ,5.118 ,5.118 
SF01-4,East,Late K,65.42,0.39,15.63,3.2,,0.06,1.52,3.34,3.73,2.03,0.12,4.4,99.82,,,7.8,,43.6,9.39,,6.19,4.67,9.67,48.38,18.23,115,53.56,530.1,10.38,93.56,9.16,3.39,607.64,23.73,43.94,4.49,16.69,2.8,0.85,2.71,0.34,1.74,0.31,0.84,0.12,0.85,0.13,2.92,0.87,19.93,5.56,1.86,93.2,,706044,±17,0.7056,,0.512619,±8,720,0.85,,,0.153235294,0.059642857,0.06016129,0.021595745,0.039991111,2.87936,0.038,48.72350125,1.837438424,,,,2.204716508,10.52873563,100.127 ,71.797 ,47.263 ,35.739 ,18.301 ,14.655 ,13.187 ,9.091 ,6.850 ,5.477 ,5.076 ,4.706 ,5.000 ,5.118 
SF01-5,East,Late K,65.47,0.38,15.66,3.12,,0.06,1.54,3.38,3.76,1.99,0.12,4.67,100.13,,,7.71,,43.68,15.36,,6.07,8.19,9.27,41.67,17.69,1.16,53.95,539,9.61,103.42,8.82,3.13,586.45,22.28,41.38,4.23,15.88,2.67,0.84,2.6,0.33,1.74,0.31,0.84,0.13,0.82,0.13,3.19,0.84,17.53,5.39,2.07,93.2,,0.706005,±14,0.7056,,0.512596,±17,755,0.39,,,0.153529412,0.060357143,0.060645161,0.021170213,0.038991333,2.807376,0.0385,49.6829753,1.889447236,,,,2.360524815,10.5,94.008 ,67.614 ,44.526 ,34.004 ,17.451 ,14.483 ,12.652 ,8.824 ,6.850 ,5.477 ,5.076 ,5.098 ,4.824 ,5.118 
SF03-1,East,Mid K,62.02,0.47,16.63,3.37,,0.06,1.54,5.27,3.34,1.78,0.18,5.16,99.79,,,7.97,,46.38,15.21,,6.86,9.77,7.99,48.83,18.2,1.08,37.91,645.34,10.09,110.38,9.17,1.31,538.85,22.9,43.78,4.66,17.82,2.95,0.99,2.79,0.35,1.81,0.33,0.91,0.14,0.91,0.14,3.33,0.75,14.56,3.94,1.51,105.5,,0.70572,±14,0.7055,,0.512626,±9,704,1.01,,,0.163039216,0.094107143,0.053870968,0.01893617,0.042115639,3.032326,0.0385,47.75748295,1.876404494,,,,3.006868132,12.22666667,96.624 ,71.536 ,49.053 ,38.158 ,19.281 ,17.069 ,13.577 ,9.358 ,7.126 ,5.830 ,5.498 ,5.490 ,5.353 ,5.512 
SF03-2,East,Mid K,62.29,0.48,16.47,3.39,,0.06,1.47,5.34,3.35,1.81,0.18,5.3,100.12,,,8.29,,47.28,17.27,,7,10.86,8.37,50.93,18.14,1.13,38.46,650.01,10.44,112.46,9.34,1.17,554.94,23.58,45.25,4.83,18.4,3.09,1.01,2.91,0.36,1.89,0.35,0.94,0.14,0.95,0.15,3.36,0.77,14.72,4.1,1.58,105.5,,0.705695,±13,0.7055,,0.512616,±9,726,0.79,,,0.161470588,0.095357143,0.054032258,0.019255319,0.042365583,3.050322,0.03675,46.45102577,1.850828729,,,,3.074048913,12.12987013,99.494 ,73.938 ,50.842 ,39.400 ,20.196 ,17.414 ,14.161 ,9.626 ,7.441 ,6.184 ,5.680 ,5.490 ,5.588 ,5.906 
SF03-3,East,Mid K,61.96,0.5,16.3,3.38,,0.06,1.42,5.42,3.35,1.83,0.19,5.28,99.66,,,8.12,,48.44,18.54,,7,12.03,9.11,47.82,18.28,1.11,38.95,650.55,10.63,109.08,9.77,1.17,568.55,23.9,45.8,4.91,18.71,3.07,1.01,2.95,0.37,1.91,0.35,0.94,0.14,0.96,0.15,3.27,0.81,14.56,4.22,1.61,105.5,,0.705656,±11,0.7054,,0.512639,±7,682,1.26,,,0.159803922,0.096785714,0.054032258,0.019468085,0.042240611,3.041324,0.0355,45.66467834,1.830601093,,,,3.145604396,12.0617284,100.844 ,74.837 ,51.684 ,40.064 ,20.065 ,17.414 ,14.355 ,9.893 ,7.520 ,6.184 ,5.680 ,5.490 ,5.647 ,5.906 
DHL12-6-1,East,Mid K,67.58,0.53,15.96,4.13,,0.06,0.93,3.64,4.17,2.21,0.05,1.43,100.44,,,,,,40.52,,,6.64,56.2,51.54,,,81.77,414.34,8.31,63.01,4.48,2.45,531.3,13.16,33.95,4.24,15.71,3.03,0.96,2.87,0.38,1.93,0.4,1.03,0.16,1.05,0.15,1.7,0.59,18.82,5.58,1.42,109.9,,,,,,,,,,,,0.156470588,0.065,0.067258065,0.023510638,0.051613528,3.716174,0.02325,31.05651135,1.886877828,,,,1.803931987,7.593220339,55.527 ,55.474 ,44.632 ,33.640 ,19.804 ,16.552 ,13.966 ,10.160 ,7.598 ,7.067 ,6.224 ,6.275 ,6.176 ,5.906 
DHL-6,East,Mid K,67.22,0.56,15.92,3.18,,0.11,0.88,3.46,4.16,2.5,0.14,1.5,99.42,,,,,,41.98,,,8.5,52.1,46.17,,,84.34,408.79,8.68,64.33,4.13,2.49,545.8,12.22,34.53,4.39,15.98,3.04,0.97,2.97,0.4,2.01,0.4,1.08,0.15,1.01,0.14,1.58,0.57,17.97,5.74,1.58,109.9,,,,,,,,,,,,0.156078431,0.061785714,0.067096774,0.026595745,0.039741167,2.861364,0.022,35.63262761,1.664,,,,1.921535893,7.245614035,51.561 ,56.422 ,46.211 ,34.218 ,19.869 ,16.724 ,14.453 ,10.695 ,7.913 ,7.067 ,6.526 ,5.882 ,5.941 ,5.512 
Jnxc-2a,East,Late K,66.49,0.4,16.3,3.7,,0.06,2,4.45,4.83,2.06,0.14,0.73,99.75,,,,,,36.9,,,18.4,4.8,37,,,65,492,11.6,103,4.7,2.2,398,17.7,36.4,4.2,15.9,2.86,0.84,2.46,0.38,2.15,0.43,1.16,0.2,1.33,0.22,5.5,0.83,9.1,9.3,1.8,,,,,,,,,,,,,0.159803922,0.079464286,0.077903226,0.021914894,0.046239722,3.32926,0.05,51.95359966,2.344660194,,,,4,5.662650602,74.684 ,59.477 ,44.211 ,34.047 ,18.693 ,14.483 ,11.971 ,10.160 ,8.465 ,7.597 ,7.009 ,7.843 ,7.824 ,8.661 
Jxnc-2*,East,Late K,66.44,0.46,16.31,3.69,,0.07,2.23,4.4,4.59,2.11,0.13,0.74,99.6,,,,,,64.98,,,38.53,9.98,48.65,,,57.5,482.41,11.05,24.64,4.32,1.79,438.96,17.48,32.1,3.82,15.21,2.81,0.81,2.63,0.38,2.1,0.41,1.21,0.18,1.16,0.18,1.18,0.35,10.04,8.47,1.48,,,,,,,,,,,,,0.159901961,0.078571429,0.074032258,0.022446809,0.04611475,3.320262,0.05575,54.7294329,2.17535545,,,,3.197211155,12.34285714,73.755 ,52.451 ,40.211 ,32.570 ,18.366 ,13.966 ,12.798 ,10.160 ,8.268 ,7.244 ,7.311 ,7.059 ,6.824 ,7.087 
Jxnc-2-1*,East,Late K,67.08,0.5,16.47,3.25,,0.07,2.21,4.04,4.33,2.24,0.16,0.84,99.46,,,,,,59.81,,,36.49,10.95,52.9,,,69.86,438.26,12.54,26.59,4.59,1.97,428.46,18.65,33.86,4.02,14.53,2.49,0.79,2.91,0.47,2.25,0.51,1.31,0.2,1.36,0.17,1.28,0.41,11.1,9.22,1.57,,,,,,,,,,,,,0.161470588,0.072142857,0.06983871,0.023829787,0.040615972,2.92435,0.05525,57.63254544,1.933035714,,,,3.05045045,11.19512195,78.692 ,55.327 ,42.316 ,31.113 ,16.275 ,13.621 ,14.161 ,12.567 ,8.858 ,9.011 ,7.915 ,7.843 ,8.000 ,6.693 
PD1-2-1,East,Late K,69.08,0.41,15.75,2.3,,0.03,1.4,3.34,4.78,0.97,0.11,1.73,99.9,,,8.77,,42.8,10.9,,2.57,8.83,27.2,115,14.8,,44.8,417,8.79,113,6.23,,191,4.99,8.92,1.03,4.35,1.03,0.56,1.06,0.2,1.19,0.27,0.73,0.11,0.73,0.12,2.68,0.54,36.1,4.24,1.59,100.04,,,,,,,,,,,,0.154411765,0.059642857,0.077096774,0.010319149,0.028743611,2.06954,0.035,54.90746349,4.927835052,,,,0.247091413,11.53703704,21.055 ,14.575 ,10.842 ,9.315 ,6.732 ,9.655 ,5.158 ,5.348 ,4.685 ,4.770 ,4.411 ,4.314 ,4.294 ,4.724 
PD1-2-2,East,Late K,68.58,0.42,15.71,2.22,,0.03,1.35,3.39,4.68,0.99,0.11,2.32,99.81,,,8.39,,45.5,10.5,,2.34,8.52,23.2,90.8,15.6,,49,460,8.46,116,6.41,,212,5.2,9.17,1.01,4.26,1.04,0.56,1.07,0.2,1.15,0.26,0.72,0.11,0.75,0.11,2.81,0.58,29.9,4.35,1.61,100.04,,,,,,,,,,,,0.154019608,0.060535714,0.075483871,0.010531915,0.027743833,1.997556,0.03375,54.88355201,4.727272727,,,,0.306688963,11.05172414,21.941 ,14.984 ,10.632 ,9.122 ,6.797 ,9.655 ,5.207 ,5.348 ,4.528 ,4.594 ,4.350 ,4.314 ,4.412 ,4.331 
PD1-5-1,East,Late K,70.34,0.4,15.47,2.02,,0.03,1.19,2.78,5.15,1.09,0.1,1.33,99.89,,,8.31,,40.1,9.04,,2.21,7.46,19.9,90.9,15.4,,48.9,415,7.63,129,8.71,,236,6.01,10.6,1.24,5,1.1,0.55,1.1,0.19,1.03,0.22,0.62,0.09,0.59,0.1,3.26,0.88,25.4,6.08,2.16,100.04,,,,,,,,,,,,0.151666667,0.049642857,0.083064516,0.011595745,0.025244389,1.817596,0.02975,54.09642802,4.724770642,,,,0.417322835,9.897727273,25.359 ,17.320 ,13.053 ,10.707 ,7.190 ,9.483 ,5.353 ,5.080 ,4.055 ,3.887 ,3.746 ,3.529 ,3.471 ,3.937 
PD1-5-2,East,Late K,70.45,0.39,15.21,2.01,,0.03,1.2,2.81,5.12,1.06,0.1,1.49,99.86,,,8.24,,40.9,8.05,,2.11,7.23,19.2,74.3,14.6,,47.6,400,7.62,148,8.01,,216,12.6,22.7,2.35,8.33,1.52,0.51,1.33,0.21,1.01,0.23,0.6,0.09,0.61,0.09,3.66,0.82,23.3,8.09,2.2,100.04,,,,,,,,,,,,0.149117647,0.050178571,0.082580645,0.011276596,0.025119417,1.808598,0.03,54.42728137,4.830188679,,,,0.974248927,9.768292683,53.165 ,37.092 ,24.737 ,17.837 ,9.935 ,8.793 ,6.472 ,5.615 ,3.976 ,4.064 ,3.625 ,3.529 ,3.588 ,3.543 
PD1-6,East,Late K,68.91,0.4,14.47,3.33,,0.04,1.6,2.01,4.74,1.27,0.12,2.98,99.86,,,9.37,,53.9,14.1,,4.06,9.83,94.7,94.1,18.5,,69.7,359,10.3,112,7.24,,131,7.88,15.6,1.82,7.6,1.83,0.57,1.73,0.29,1.52,0.32,0.89,0.13,0.84,0.13,2.67,0.62,35.8,5.21,1.55,100.04,,,,,,,,,,,,0.141862745,0.035892857,0.076451613,0.013510638,0.04161575,2.996334,0.04,49.01014816,3.732283465,,,,0.43575419,11.67741935,33.249 ,25.490 ,19.158 ,16.274 ,11.961 ,9.828 ,8.418 ,7.754 ,5.984 ,5.654 ,5.378 ,5.098 ,4.941 ,5.118 
PD1-7,East,Late K,70.69,0.37,14.7,2.04,,0.02,0.99,2.26,5.01,1.08,0.09,2.69,99.95,,,8.45,,33.9,8.38,,2.13,6.48,53.1,40.2,15.2,,48.8,388,10.6,133,8.07,,172,20.2,38.3,4.2,15.9,2.85,0.58,2.3,0.35,1.6,0.32,0.9,0.12,0.84,0.12,3.17,0.77,15.4,6.87,2.08,100.04,,,,,,,,,,,,0.144117647,0.040357143,0.080806452,0.011489362,0.025494333,1.835592,0.02475,49.25928629,4.638888889,,,,2.487012987,10.48051948,85.232 ,62.582 ,44.211 ,34.047 ,18.627 ,10.000 ,11.192 ,9.358 ,6.299 ,5.654 ,5.438 ,4.706 ,4.941 ,4.724 
ML06-2,East,Late K,71.27,0.1,12.38,0.98,,0.03,0.59,1.78,2.6,2.94,0.01,7.08,99.77,,,1.1,472,1.5,5.8,228,39.4,1,2,40.1,14,,128,325,12.7,109,11.4,10.9,510,33.4,55.4,5.73,17.2,2.92,0.31,2.24,0.38,2.21,0.45,1.22,0.19,1.26,0.19,3.74,1.41,18.6,17.6,3.83,104,1.14,0.707172,,0.705484,0.1026,0.512611,,0.742,0.73,,,0.121372549,0.031785714,0.041935484,0.031276596,0.012247278,0.881804,0.01475,54.63513811,0.884353741,,,,2.978494624,8.085106383,140.928 ,90.523 ,60.316 ,36.831 ,19.085 ,5.345 ,10.900 ,10.160 ,8.701 ,7.951 ,7.372 ,7.451 ,7.412 ,7.480 
10GW239,East,Late K,70.4,0.46,14.7,2.59,,1.65,0.05,2.94,3.27,2.74,0.03,0.73,99.6,,,5.1,,45.6,39.6,,8.26,21.5,,,15.7,,93.1,330,5.88,66.6,8.86,,526,30.2,48.6,4.52,13.9,1.86,0.9,1.53,0.22,1.08,0.22,0.61,0.11,0.67,0.12,2.06,0.73,,11.2,1.11,94.7,,,,,,,,,,,,0.144117647,0.0525,0.052741935,0.029148936,0.032367806,2.330482,0.00125,3.718267684,1.193430657,,,,#DIV/0!,12.1369863,127.426 ,79.412 ,47.579 ,29.764 ,12.157 ,15.517 ,7.445 ,5.882 ,4.252 ,3.887 ,3.686 ,4.314 ,3.941 ,4.724 
10GW237,East,Late K,66.6,0.59,16.1,3.65,,1.64,0.06,3.57,3.63,2.63,0.1,1.03,99.6,,,9.31,,69.9,24.1,,9.21,14.2,,,19.2,,87.7,408,12.7,61.1,10.6,,628,30.3,56.1,5.87,21,3.46,1.04,2.9,0.48,2.43,0.44,1.25,0.21,1.27,0.2,2.46,0.85,,8.3,1.32,90.2,,,,,,,,,,,,0.157843137,0.06375,0.058548387,0.027978723,0.045614861,3.28427,0.0015,3.183708844,1.380228137,,,,#DIV/0!,12.47058824,127.848 ,91.667 ,61.789 ,44.968 ,22.614 ,17.931 ,14.112 ,12.834 ,9.567 ,7.774 ,7.553 ,8.235 ,7.471 ,7.874 
3123213,East,Late K,66.6,0.59,16.1,3.65,,1.64,0.06,3.57,3.63,2.63,0.1,1.03,99.6,,,9.31,,69.9,24.1,,9.21,14.2,,,19.2,,87.7,1400,60,61.1,10.6,,628,30.3,56.1,5.87,21,3.46,1.04,2.9,0.48,2.43,0.44,1.25,0.21,1.27,0.2,2.46,0.85,,8.3,1.32,90.2,,,,,,,,,,,,0.157843137,0.06375,0.058548387,0.027978723,0.045614861,3.28427,0.0015,3.183708844,1.380228137,,,,#DIV/0!,12.47058824,127.848 ,91.667 ,61.789 ,44.968 ,22.614 ,17.931 ,14.112 ,12.834 ,9.567 ,7.774 ,7.553 ,8.235 ,7.471 ,7.874 
